alias_id,alias_text,alias_normalized,alias_type,alias_source_type,brand_id,canonical_brand_name,parent_id,parent_display_name,review_state,source_id,source_reference,notes_internal
A0001,Woolies,woolies,common_shorthand,manual_stewardship,B0001,Woolworths,P0001,Woolworths Group Limited,reviewed,SRC_WOOLWORTHS_GROUP_BRANDS,SRC_WOOLWORTHS_GROUP_BRANDS,Brand-level alias added in v0.3; parent-level aliases removed.
A0002,Macro,macro,common_shorthand,manual_stewardship,B0008,Woolworths Macro,P0001,Woolworths Group Limited,reviewed,SRC_WOOLWORTHS_GROUP_BRANDS,SRC_WOOLWORTHS_GROUP_BRANDS,Brand-level alias added in v0.3; parent-level aliases removed.
A0003,Macro Organic,macro organic,common_shorthand,manual_stewardship,B0008,Woolworths Macro,P0001,Woolworths Group Limited,reviewed,SRC_WOOLWORTHS_GROUP_BRANDS,SRC_WOOLWORTHS_GROUP_BRANDS,Brand-level alias added in v0.3; parent-level aliases removed.
A0004,Essentials,essentials,common_shorthand,manual_stewardship,B0007,Woolworths Essentials,P0001,Woolworths Group Limited,reviewed,SRC_WOOLWORTHS_GROUP_BRANDS,SRC_WOOLWORTHS_GROUP_BRANDS,Brand-level alias added in v0.3; parent-level aliases removed.
A0005,Woolies Food Co,woolies food co,common_shorthand,manual_stewardship,B0199,Woolworths Food Company,P0001,Woolworths Group Limited,reviewed,SRC_WOOLWORTHS_GROUP_BRANDS,SRC_WOOLWORTHS_GROUP_BRANDS,Brand-level alias added in v0.3; parent-level aliases removed.
A0006,Coles,coles,common_shorthand,manual_stewardship,B0200,Coles,P0002,Coles Group Limited,reviewed,SRC_COLES_OWN_BRANDS,SRC_COLES_OWN_BRANDS,Brand-level alias added in v0.3; parent-level aliases removed. | Retargeted from archived Coles Brand B0013 to Coles master B0200
A0007,Nature's Kitchen,nature s kitchen,common_shorthand,manual_stewardship,B0201,Coles Nature's Kitchen,P0002,Coles Group Limited,reviewed,SRC_COLES_OWN_BRANDS,SRC_COLES_OWN_BRANDS,Brand-level alias added in v0.3; parent-level aliases removed.
A0008,I'm Free From,i m free from,common_shorthand,manual_stewardship,B0016,Coles I'm Free From,P0002,Coles Group Limited,reviewed,SRC_COLES_OWN_BRANDS,SRC_COLES_OWN_BRANDS,Brand-level alias added in v0.3; parent-level aliases removed.
A0009,Pam's,pam s,common_shorthand,manual_stewardship,B0024,Pams,P0003,Foodstuffs New Zealand,reviewed,SRC_FOODSTUFFS_OUR_BRANDS,SRC_FOODSTUFFS_OUR_BRANDS,Brand-level alias added in v0.3; parent-level aliases removed.
A0010,Pam's Finest,pam s finest,common_shorthand,manual_stewardship,B0025,Pams Finest,P0003,Foodstuffs New Zealand,reviewed,SRC_FOODSTUFFS_OUR_BRANDS,SRC_FOODSTUFFS_OUR_BRANDS,Brand-level alias added in v0.3; parent-level aliases removed.
A0011,Pak n Save,pak n save,common_shorthand,manual_stewardship,B0020,PAK'nSAVE,P0003,Foodstuffs New Zealand,reviewed,SRC_FOODSTUFFS_OUR_BRANDS,SRC_FOODSTUFFS_OUR_BRANDS,Brand-level alias added in v0.3; parent-level aliases removed.
A0012,Bakers Life,bakers life,common_shorthand,manual_stewardship,B0210,Baker's Life,P0004,ALDI Süd / ALDI Einkauf SE & Co. oHG,reviewed,SRC_ALDI_AU_BRANDS,SRC_ALDI_AU_BRANDS,Brand-level alias added in v0.3; parent-level aliases removed.
A0013,Black and Gold,black and gold,common_shorthand,manual_stewardship,B0221,Black & Gold,P0005,Metcash Limited,reviewed,SRC_METCASH_IGA_BRANDS,SRC_METCASH_IGA_BRANDS,Brand-level alias added in v0.3; parent-level aliases removed.
A0014,Kirkland,kirkland,common_shorthand,manual_stewardship,B0225,Kirkland Signature,P0006,Costco Wholesale Corporation,reviewed,SRC_COSTCO_KIRKLAND,SRC_COSTCO_KIRKLAND,Brand-level alias added in v0.3; parent-level aliases removed.
A0015,Bens Original,bens original,common_shorthand,manual_stewardship,B0039,Ben's Original,P0007,"Mars, Incorporated",reviewed,SRC_MARS_AU_BRANDS,SRC_MARS_AU_BRANDS,Brand-level alias added in v0.3; parent-level aliases removed.
A0016,Uncle Ben's,uncle ben s,common_shorthand,manual_stewardship,B0039,Ben's Original,P0007,"Mars, Incorporated",reviewed,SRC_MARS_AU_BRANDS,SRC_MARS_AU_BRANDS,Brand-level alias added in v0.3; parent-level aliases removed.
A0017,Uncle Bens,uncle bens,common_shorthand,manual_stewardship,B0039,Ben's Original,P0007,"Mars, Incorporated",reviewed,SRC_MARS_AU_BRANDS,SRC_MARS_AU_BRANDS,Brand-level alias added in v0.3; parent-level aliases removed.
A0018,M&Ms,m ms,common_shorthand,manual_stewardship,B0048,M&M'S,P0007,"Mars, Incorporated",reviewed,SRC_MARS_AU_BRANDS,SRC_MARS_AU_BRANDS,Brand-level alias added in v0.3; parent-level aliases removed.
A0019,M and M's,m and m s,common_shorthand,manual_stewardship,B0048,M&M'S,P0007,"Mars, Incorporated",reviewed,SRC_MARS_AU_BRANDS,SRC_MARS_AU_BRANDS,Brand-level alias added in v0.3; parent-level aliases removed.
A0020,M and Ms,m and ms,common_shorthand,manual_stewardship,B0048,M&M'S,P0007,"Mars, Incorporated",reviewed,SRC_MARS_AU_BRANDS,SRC_MARS_AU_BRANDS,Brand-level alias added in v0.3; parent-level aliases removed.
A0021,Master Foods,master foods,common_shorthand,manual_stewardship,B0051,MasterFoods,P0007,"Mars, Incorporated",reviewed,SRC_MARS_AU_BRANDS,SRC_MARS_AU_BRANDS,Brand-level alias added in v0.3; parent-level aliases removed.
A0022,Wrigleys,wrigleys,common_shorthand,manual_stewardship,B0228,Wrigley's,P0007,"Mars, Incorporated",reviewed,SRC_MARS_AU_BRANDS,SRC_MARS_AU_BRANDS,Brand-level alias added in v0.3; parent-level aliases removed.
A0023,Uncle Toby's,uncle toby s,common_shorthand,manual_stewardship,B0064,Uncle Tobys,P0008,Nestlé S.A.,reviewed,SRC_NESTLE_AU_BRANDS,SRC_NESTLE_AU_BRANDS,Brand-level alias added in v0.3; parent-level aliases removed.
A0024,Uncle Tobies,uncle tobies,common_shorthand,manual_stewardship,B0064,Uncle Tobys,P0008,Nestlé S.A.,reviewed,SRC_NESTLE_AU_BRANDS,SRC_NESTLE_AU_BRANDS,Brand-level alias added in v0.3; parent-level aliases removed.
A0025,Bakers Choice,bakers choice,common_shorthand,manual_stewardship,B0235,Nestlé Bakers' Choice,P0008,Nestlé S.A.,reviewed,SRC_NESTLE_AU_BRANDS,SRC_NESTLE_AU_BRANDS,Brand-level alias added in v0.3; parent-level aliases removed.
A0026,Nestle Condensed Milk,nestle condensed milk,common_shorthand,manual_stewardship,B0237,Nestlé Sweetened Condensed Milk,P0008,Nestlé S.A.,reviewed,SRC_NESTLE_AU_BRANDS,SRC_NESTLE_AU_BRANDS,Brand-level alias added in v0.3; parent-level aliases removed.
A0027,Dairy Milk,dairy milk,common_shorthand,manual_stewardship,B0241,Cadbury Dairy Milk,P0009,"Mondelez International, Inc.",reviewed,SRC_MONDELEZ_BRANDS,SRC_MONDELEZ_BRANDS,Brand-level alias added in v0.3; parent-level aliases removed.
A0028,Natural Confectionery,natural confectionery,common_shorthand,manual_stewardship,B0073,The Natural Confectionery Co.,P0009,"Mondelez International, Inc.",reviewed,SRC_MONDELEZ_BRANDS,SRC_MONDELEZ_BRANDS,Brand-level alias added in v0.3; parent-level aliases removed.
A0029,TNCC,tncc,common_shorthand,manual_stewardship,B0073,The Natural Confectionery Co.,P0009,"Mondelez International, Inc.",reviewed,SRC_MONDELEZ_BRANDS,SRC_MONDELEZ_BRANDS,Brand-level alias added in v0.3; parent-level aliases removed.
A0030,The Natural Confectionery Company,the natural confectionery company,packaging_variation,manual_stewardship,B0073,The Natural Confectionery Co.,P0009,"Mondelez International, Inc.",reviewed,SRC_MONDELEZ_BRANDS,SRC_MONDELEZ_BRANDS,Brand-level alias added in v0.3; parent-level aliases removed.
A0031,Smiths,smiths,common_shorthand,manual_stewardship,B0077,Smith's,P0010,"PepsiCo, Inc.",reviewed,SRC_PEPSICO_AU_BRANDS,SRC_PEPSICO_AU_BRANDS,Brand-level alias added in v0.3; parent-level aliases removed.
A0032,Red Rock,red rock,common_shorthand,manual_stewardship,B0079,Red Rock Deli,P0010,"PepsiCo, Inc.",reviewed,SRC_PEPSICO_AU_BRANDS,SRC_PEPSICO_AU_BRANDS,Brand-level alias added in v0.3; parent-level aliases removed.
A0033,Nobbys,nobbys,common_shorthand,manual_stewardship,B0257,Nobby's,P0010,"PepsiCo, Inc.",reviewed,SRC_PEPSICO_AU_BRANDS,SRC_PEPSICO_AU_BRANDS,Brand-level alias added in v0.3; parent-level aliases removed.
A0034,Coke,coke,common_shorthand,manual_stewardship,B0087,Coca-Cola,P0011,The Coca-Cola Company,reviewed,SRC_COCA_COLA_AU_BRANDS,SRC_COCA_COLA_AU_BRANDS,Brand-level alias added in v0.3; parent-level aliases removed.
A0035,Coke Zero,coke zero,common_shorthand,manual_stewardship,B0263,Coca-Cola Zero Sugar,P0011,The Coca-Cola Company,reviewed,SRC_COCA_COLA_AU_BRANDS,SRC_COCA_COLA_AU_BRANDS,Brand-level alias added in v0.3; parent-level aliases removed.
A0036,Coke No Sugar,coke no sugar,common_shorthand,manual_stewardship,B0263,Coca-Cola Zero Sugar,P0011,The Coca-Cola Company,reviewed,SRC_COCA_COLA_AU_BRANDS,SRC_COCA_COLA_AU_BRANDS,Brand-level alias added in v0.3; parent-level aliases removed.
A0037,Vitaminwater,vitaminwater,common_shorthand,manual_stewardship,B0264,Glacéau Vitaminwater,P0011,The Coca-Cola Company,reviewed,SRC_COCA_COLA_AU_BRANDS,SRC_COCA_COLA_AU_BRANDS,Brand-level alias added in v0.3; parent-level aliases removed.
A0038,Yo Pro,yo pro,common_shorthand,manual_stewardship,B0097,YoPRO,P0012,Danone S.A.,reviewed,SRC_DANONE_GLOBAL_BRANDS,SRC_DANONE_GLOBAL_BRANDS,Brand-level alias added in v0.3; parent-level aliases removed.
A0039,Ben and Jerry's,ben and jerry s,common_shorthand,manual_stewardship,B0110,Ben & Jerry's,P0014,The Magnum Ice Cream Company N.V.,reviewed,SRC_STREETS_BRANDS,SRC_STREETS_BRANDS,Brand-level alias added in v0.3; parent-level aliases removed.
A0040,Ben and Jerrys,ben and jerrys,common_shorthand,manual_stewardship,B0110,Ben & Jerry's,P0014,The Magnum Ice Cream Company N.V.,reviewed,SRC_STREETS_BRANDS,SRC_STREETS_BRANDS,Brand-level alias added in v0.3; parent-level aliases removed.
A0041,Gaytime,gaytime,common_shorthand,manual_stewardship,B0281,Golden Gaytime,P0014,The Magnum Ice Cream Company N.V.,reviewed,SRC_STREETS_BRANDS,SRC_STREETS_BRANDS,Brand-level alias added in v0.3; parent-level aliases removed.
A0042,Watties,watties,common_shorthand,manual_stewardship,B0116,Wattie's,P0016,The Kraft Heinz Company,reviewed,SRC_KRAFT_HEINZ_BRANDS,SRC_KRAFT_HEINZ_BRANDS,Brand-level alias added in v0.3; parent-level aliases removed.
A0043,Lea and Perrins,lea and perrins,common_shorthand,manual_stewardship,B0289,Lea & Perrins,P0016,The Kraft Heinz Company,reviewed,SRC_KRAFT_HEINZ_BRANDS,SRC_KRAFT_HEINZ_BRANDS,Brand-level alias added in v0.3; parent-level aliases removed.
A0044,Bulls Eye,bulls eye,common_shorthand,manual_stewardship,B0291,Bull's-Eye,P0016,The Kraft Heinz Company,reviewed,SRC_KRAFT_HEINZ_BRANDS,SRC_KRAFT_HEINZ_BRANDS,Brand-level alias added in v0.3; parent-level aliases removed.
A0045,Bullseye,bullseye,common_shorthand,manual_stewardship,B0291,Bull's-Eye,P0016,The Kraft Heinz Company,reviewed,SRC_KRAFT_HEINZ_BRANDS,SRC_KRAFT_HEINZ_BRANDS,Brand-level alias added in v0.3; parent-level aliases removed.
A0046,Bueno,bueno,common_shorthand,manual_stewardship,B0295,Kinder Bueno,P0017,Ferrero Group,reviewed,SRC_FERRERO_AU_BRANDS,SRC_FERRERO_AU_BRANDS,Brand-level alias added in v0.3; parent-level aliases removed.
A0047,Abbotts Bakery,abbotts bakery,common_shorthand,manual_stewardship,B0302,Abbott's Bakery,P0018,Associated British Foods plc,reviewed,SRC_ABF_BRANDS,SRC_ABF_BRANDS,Brand-level alias added in v0.3; parent-level aliases removed.
A0048,Abbott's,abbott s,common_shorthand,manual_stewardship,B0302,Abbott's Bakery,P0018,Associated British Foods plc,reviewed,SRC_ABF_BRANDS,SRC_ABF_BRANDS,Brand-level alias added in v0.3; parent-level aliases removed.
A0049,Dads Pies,dads pies,common_shorthand,manual_stewardship,B0308,Dad's Pies,P0018,Associated British Foods plc,reviewed,SRC_ABF_BRANDS,SRC_ABF_BRANDS,Brand-level alias added in v0.3; parent-level aliases removed.
A0050,Gran Cereale,gran cereale,common_shorthand,manual_stewardship,B0318,GranCereale,P0019,Barilla G. e R. Fratelli S.p.A.,reviewed,SRC_BARILLA_GROUP_BRANDS,SRC_BARILLA_GROUP_BRANDS,Brand-level alias added in v0.3; parent-level aliases removed.
A0051,Siggis,siggis,common_shorthand,manual_stewardship,B0325,Siggi's,P0020,Lactalis Group,reviewed,SRC_LACTALIS_AU_BRANDS,SRC_LACTALIS_AU_BRANDS,Brand-level alias added in v0.3; parent-level aliases removed.
A0052,Bega,bega,common_shorthand,manual_stewardship,B0330,Bega Cheese,P0022,Fonterra Co-operative Group Limited,reviewed,SRC_FONTERRA_AU_BRANDS,SRC_FONTERRA_AU_BRANDS,Brand-level alias added in v0.3; parent-level aliases removed.
A0053,Anchor,anchor,common_shorthand,manual_stewardship,B0332,Anchor Food Professionals,P0022,Fonterra Co-operative Group Limited,reviewed,SRC_FONTERRA_AU_BRANDS,SRC_FONTERRA_AU_BRANDS,Brand-level alias added in v0.3; parent-level aliases removed.
A0054,Inghams,inghams,common_shorthand,manual_stewardship,B0157,Ingham's,P0026,Inghams Group Limited,reviewed,SRC_INGHAMS_BRANDS,SRC_INGHAMS_BRANDS,Brand-level alias added in v0.3; parent-level aliases removed.
A0055,Andrews Meat,andrews meat,common_shorthand,manual_stewardship,B0354,Andrews Meat Industries,P0027,JBS S.A.,reviewed,SRC_JBS_FOODS_BRANDS,SRC_JBS_FOODS_BRANDS,Brand-level alias added in v0.3; parent-level aliases removed.
A0056,Sharwoods,sharwoods,common_shorthand,manual_stewardship,B0159,Sharwood's,P0031,Premier Foods plc,reviewed,SRC_PREMIER_FOODS_BRANDS,SRC_PREMIER_FOODS_BRANDS,Brand-level alias added in v0.3; parent-level aliases removed.
A0057,Campbells,campbells,common_shorthand,manual_stewardship,B0161,Campbell's,P0032,Campbell's Company,reviewed,SRC_CAMPBELLS_ANZ_PRODUCTS,SRC_CAMPBELLS_ANZ_PRODUCTS,Brand-level alias added in v0.3; parent-level aliases removed.
A0058,Hersheys,hersheys,common_shorthand,manual_stewardship,B0164,Hershey's,P0033,The Hershey Company,reviewed,SRC_HERSHEY_BRANDS,SRC_HERSHEY_BRANDS,Brand-level alias added in v0.3; parent-level aliases removed.
A0059,Reeses,reeses,common_shorthand,manual_stewardship,B0165,Reese's,P0033,The Hershey Company,reviewed,SRC_HERSHEY_BRANDS,SRC_HERSHEY_BRANDS,Brand-level alias added in v0.3; parent-level aliases removed.
A0060,Pirates Booty,pirates booty,common_shorthand,manual_stewardship,B0397,Pirate's Booty,P0033,The Hershey Company,reviewed,SRC_HERSHEY_BRANDS,SRC_HERSHEY_BRANDS,Brand-level alias added in v0.3; parent-level aliases removed.
A0061,Keens,keens,common_shorthand,manual_stewardship,B0169,Keen's,P0034,"McCormick & Company, Inc.",reviewed,SRC_MCCORMICK_CORP_BRANDS,SRC_MCCORMICK_CORP_BRANDS,Brand-level alias added in v0.3; parent-level aliases removed.
A0062,Franks RedHot,franks redhot,common_shorthand,manual_stewardship,B0400,Frank's RedHot,P0034,"McCormick & Company, Inc.",reviewed,SRC_MCCORMICK_CORP_BRANDS,SRC_MCCORMICK_CORP_BRANDS,Brand-level alias added in v0.3; parent-level aliases removed.
A0063,Frank's Red Hot,frank s red hot,common_shorthand,manual_stewardship,B0400,Frank's RedHot,P0034,"McCormick & Company, Inc.",reviewed,SRC_MCCORMICK_CORP_BRANDS,SRC_MCCORMICK_CORP_BRANDS,Brand-level alias added in v0.3; parent-level aliases removed.
A0064,7 Up,7 up,common_shorthand,manual_stewardship,B0416,7UP,P0036,Keurig Dr Pepper Inc.,reviewed,SRC_KDP_BRANDS,SRC_KDP_BRANDS,Brand-level alias added in v0.3; parent-level aliases removed.
A0065,Seven Up,seven up,common_shorthand,manual_stewardship,B0416,7UP,P0036,Keurig Dr Pepper Inc.,reviewed,SRC_KDP_BRANDS,SRC_KDP_BRANDS,Brand-level alias added in v0.3; parent-level aliases removed.
A0066,A and W,a and w,common_shorthand,manual_stewardship,B0418,A&W,P0036,Keurig Dr Pepper Inc.,reviewed,SRC_KDP_BRANDS,SRC_KDP_BRANDS,Brand-level alias added in v0.3; parent-level aliases removed.
A0067,BOSS Coffee,boss coffee,common_shorthand,manual_stewardship,B0425,Suntory BOSS Coffee,P0037,Suntory Holdings Limited,reviewed,SRC_SUNTORY_OCEANIA_BRANDS,SRC_SUNTORY_OCEANIA_BRANDS,Brand-level alias added in v0.3; parent-level aliases removed.
A0068,Cottees,cottees,common_shorthand,manual_stewardship,B0438,Cottee's,P0038,"Asahi Group Holdings, Ltd.",reviewed,SRC_ASAHI_BEVERAGES_BRANDS,SRC_ASAHI_BEVERAGES_BRANDS,Brand-level alias added in v0.3; parent-level aliases removed.
A0069,Helgas,helgas,common_shorthand,manual_stewardship,B0171,Helga's,P0040,Goodman Fielder Pty Limited,reviewed,SRC_GOODMAN_FIELDER_BRANDS,SRC_GOODMAN_FIELDER_BRANDS,Brand-level alias added in v0.3; parent-level aliases removed.
A0070,Meadow Lea,meadow lea,common_shorthand,manual_stewardship,B0172,MeadowLea,P0040,Goodman Fielder Pty Limited,reviewed,SRC_GOODMAN_FIELDER_BRANDS,SRC_GOODMAN_FIELDER_BRANDS,Brand-level alias added in v0.3; parent-level aliases removed.
A0071,Vogels,vogels,common_shorthand,manual_stewardship,B0175,Vogel's,P0040,Goodman Fielder Pty Limited,reviewed,SRC_GOODMAN_FIELDER_BRANDS,SRC_GOODMAN_FIELDER_BRANDS,Brand-level alias added in v0.3; parent-level aliases removed.
A0072,Leggos,leggos,common_shorthand,manual_stewardship,B0179,Leggo's,P0041,Simplot Australia Pty Limited,reviewed,SRC_SIMPLOT_BRANDS,SRC_SIMPLOT_BRANDS,Brand-level alias added in v0.3; parent-level aliases removed.
A0073,I and J,i and j,common_shorthand,manual_stewardship,B0462,I&J,P0041,Simplot Australia Pty Limited,reviewed,SRC_SIMPLOT_BRANDS,SRC_SIMPLOT_BRANDS,Brand-level alias added in v0.3; parent-level aliases removed.
A0074,Four and Twenty,four and twenty,common_shorthand,manual_stewardship,B0181,Four'N Twenty,P0042,Patties Food Group Pty Limited,reviewed,SRC_PATTIES_BRANDS,SRC_PATTIES_BRANDS,Brand-level alias added in v0.3; parent-level aliases removed.
A0075,4'N Twenty,4 n twenty,common_shorthand,manual_stewardship,B0181,Four'N Twenty,P0042,Patties Food Group Pty Limited,reviewed,SRC_PATTIES_BRANDS,SRC_PATTIES_BRANDS,Brand-level alias added in v0.3; parent-level aliases removed.
A0076,Nannas,nannas,common_shorthand,manual_stewardship,B0184,Nanna's,P0042,Patties Food Group Pty Limited,reviewed,SRC_PATTIES_BRANDS,SRC_PATTIES_BRANDS,Brand-level alias added in v0.3; parent-level aliases removed.
A0077,Arnotts,arnotts,common_shorthand,manual_stewardship,B0185,Arnott's,P0043,The Arnott's Group,reviewed,SRC_ARNOTTS_BRANDS,SRC_ARNOTTS_BRANDS,Brand-level alias added in v0.3; parent-level aliases removed.
A0078,Campbells Real Stock,campbells real stock,common_shorthand,manual_stewardship,B0189,Campbell's Real Stock,P0043,The Arnott's Group,reviewed,SRC_ARNOTTS_BRANDS,SRC_ARNOTTS_BRANDS,Brand-level alias added in v0.3; parent-level aliases removed.
A0079,M and S Food,m and s food,packaging_variation,manual_stewardship,B0501,M&S Food,P0048,Marks & Spencer plc,reviewed,SRC_M_AND_S_FOOD,SRC_M_AND_S_FOOD,Brand-level alias added in v0.3; parent-level aliases removed.
A0080,Marks and Spencer Food,marks and spencer food,packaging_variation,manual_stewardship,B0501,M&S Food,P0048,Marks & Spencer plc,reviewed,SRC_M_AND_S_FOOD,SRC_M_AND_S_FOOD,Brand-level alias added in v0.3; parent-level aliases removed.
A0081,Stockwell and Co,stockwell and co,common_shorthand,manual_stewardship,B0513,Stockwell & Co.,P0050,Tesco PLC,reviewed,SRC_TESCO_OWN_LABEL,SRC_TESCO_OWN_LABEL,Brand-level alias added in v0.3; parent-level aliases removed.
A0082,By Sainsburys,by sainsburys,common_shorthand,manual_stewardship,B0519,by Sainsbury's,P0051,J Sainsbury plc,reviewed,SRC_SAINSBURYS_OWN_LABEL,SRC_SAINSBURYS_OWN_LABEL,Brand-level alias added in v0.3; parent-level aliases removed.
A0083,Captain's Table,captain s table,packaging_variation,packaging_observation,B0538,Captain's Table,P0009,"Mondelez International, Inc.",reviewed,SRC_CAPTAINS_TABLE_MONDELEZ_PRODUCT_SPEC,https://www.mocofoodservices.com.au/globalassets/related-items-import/30701-psr---125g-captains-table-classic-water-crackers.pdf,Canonical/display form supported by product-level evidence.
A0084,Captain’s Table,captains table,punctuation_variation,retailer_product_page,B0538,Captain's Table,P0009,"Mondelez International, Inc.",reviewed,SRC_CAPTAINS_TABLE_WOOLWORTHS_PRODUCT_PAGE,https://www.woolworths.com.au/shop/productdetails/140784/captain-s-table-classic-water-crackers,Curly apostrophe variant used in retailer/product copy.
A0085,Capt Table,capt table,short_form,retailer_product_page,B0538,Captain's Table,P0009,"Mondelez International, Inc.",reviewed,SRC_CAPTAINS_TABLE_IGA_PRODUCT_PAGE,https://iganathalia.com.au/lines/nab-capt-table-classic-125gm,Retailer shorthand in IGA line slug/title: nab-capt-table-classic.
A0086,Nabisco Captain's Table,nabisco captain s table,packaging_variation,packaging_observation,B0538,Captain's Table,P0009,"Mondelez International, Inc.",reviewed,SRC_CAPTAINS_TABLE_MONDELEZ_PRODUCT_SPEC,https://www.mocofoodservices.com.au/globalassets/related-items-import/30701-psr---125g-captains-table-classic-water-crackers.pdf,Supplier/specification title uses NABISCO CAPTAIN'S TABLE.
A0087,Nabisco Captains Table,nabisco captains table,retailer_listing_variation,retailer_product_page,B0538,Captain's Table,P0009,"Mondelez International, Inc.",reviewed,SRC_CAPTAINS_TABLE_FOODWORKS_PRODUCT_PAGE,https://lorne-shop.foodworks.com.au/lines/nab-capt-table-classic-125gm,Retailer title uses Nabisco/Captains Table style.
A0088,Nab Capt Table,nab capt table,retailer_listing_variation,retailer_product_page,B0538,Captain's Table,P0009,"Mondelez International, Inc.",reviewed,SRC_CAPTAINS_TABLE_IGA_PRODUCT_PAGE,https://iganathalia.com.au/lines/nab-capt-table-classic-125gm,IGA shorthand observed in listing slug/title.
A0089,Captain's Table Water Crackers,captain s table water crackers,packaging_variation,retailer_product_page,B0538,Captain's Table,P0009,"Mondelez International, Inc.",reviewed,SRC_CAPTAINS_TABLE_WOOLWORTHS_PRODUCT_PAGE,https://www.woolworths.com.au/shop/productdetails/140784/captain-s-table-classic-water-crackers,Retailer product title includes brand + product family; useful candidate for title matching.
A0090,Nabisco,nabisco,legacy_brand_name,packaging_observation,B0539,Nabisco,P0009,"Mondelez International, Inc.",provisional,,https://www.mocofoodservices.com.au/globalassets/related-items-import/30701-psr---125g-captains-table-classic-water-crackers.pdf,Legacy/master brand element on product-level evidence.
A0091,NAB,nab,short_form,retailer_product_page,B0539,Nabisco,P0009,"Mondelez International, Inc.",provisional,,https://iganathalia.com.au/lines/nab-capt-table-classic-125gm,Retailer shorthand appears in IGA/Foodworks slugs as NAB.
A0092,Maggie Beer Products,maggiebeerproducts,packaging_variation,official_parent_brand_page,B0559,Maggie Beer,P0057,Maggie Beer Holdings Limited,reviewed,SRC_MAGGIE_BEER_HOLDINGS_BRAND,SRC_MAGGIE_BEER_HOLDINGS_BRAND,Source describes Maggie Beer Products; useful packaging/title variant.
A0093,Maggie Beer,maggiebeer,off_observed_alias,retailer_product_page,B0559,Maggie Beer,P0057,Maggie Beer Holdings Limited,reviewed,SRC_COLES_SNACKS,SRC_COLES_SNACKS,Retain common product-title form.
A0094,Arnott's Savoy,arnottssavoy,packaging_variation,official_brand_page,B0560,Savoy,P0043,The Arnott's Group,reviewed,SRC_ARNOTTS_SAVOY,SRC_ARNOTTS_SAVOY,Captures manufacturer-prefixed retailer/product title.
A0095,SAVOY,savoy,casing_variation,retailer_product_page,B0560,Savoy,P0043,The Arnott's Group,reviewed,SRC_ARNOTTS_SAVOY,SRC_ARNOTTS_SAVOY,Casing-only alias retained because legacy product data may use uppercase.
A0096,Gippsland,gippsland,common_shorthand,retailer_product_page,B0561,Gippsland Dairy,P0056,"Chobani, LLC",reviewed,SRC_CHOBANI_GIPPSLAND_DAIRY,SRC_CHOBANI_GIPPSLAND_DAIRY,Common shorthand seen in consumer and product references.
A0097,Gippsland Dairy Yogurt,gippslanddairyyogurt,packaging_variation,official_brand_page,B0561,Gippsland Dairy,P0056,"Chobani, LLC",reviewed,SRC_CHOBANI_GIPPSLAND_DAIRY,SRC_CHOBANI_GIPPSLAND_DAIRY,Captures product-title spelling variation.
A0098,Valverde,valverde,spelling_variation,retailer_product_page,B0562,Val Verde,P0058,Conga Foods Pty Ltd,reviewed,SRC_VAL_VERDE_CONGA,SRC_VAL_VERDE_CONGA,No-space variant likely in messy product strings.
A0099,Val Verde Tomatoes,valverdetomatoes,packaging_variation,official_brand_page,B0562,Val Verde,P0058,Conga Foods Pty Ltd,reviewed,SRC_VAL_VERDE_CONGA,SRC_VAL_VERDE_CONGA,Captures product-title family variation.
A0100,Tilda Rice,tildarice,packaging_variation,retailer_product_page,B0563,Tilda,P0059,Ebro Foods S.A.,reviewed,SRC_EBRO_TILDA,SRC_EBRO_TILDA,Captures rice category product-title form.
A0101,Tilda Basmati,tildabasmati,packaging_variation,retailer_product_page,B0563,Tilda,P0059,Ebro Foods S.A.,reviewed,SRC_EBRO_TILDA,SRC_EBRO_TILDA,Captures common rice product-title form.
A0102,SPC Australia,spcaustralia,common_shorthand,retailer_product_page,B0564,SPC,P0060,SPC Global Limited,reviewed,SRC_SPC_GLOBAL,SRC_SPC_GLOBAL,Common AU brand/company title; useful for retailer and OFF string matching.
A0103,SPC Spaghetti,spcspaghetti,packaging_variation,retailer_product_page,B0564,SPC,P0060,SPC Global Limited,reviewed,SRC_COLES_CANNED_MEALS,SRC_COLES_CANNED_MEALS,Coles audit surfaced SPC spaghetti; captures ready-meal product-title variation.
A0104,Indomie Mi Goreng,indomiemigoreng,packaging_variation,retailer_product_page,B0565,Indomie,P0061,PT Indofood Sukses Makmur Tbk,reviewed,SRC_INDOMIE_AU,SRC_INDOMIE_AU,Common product-title/packaging form for AU/NZ noodle scans.
A0105,Indomie Noodles,indomienoodles,packaging_variation,retailer_product_page,B0565,Indomie,P0061,PT Indofood Sukses Makmur Tbk,reviewed,SRC_INDOMIE_AU,SRC_INDOMIE_AU,Captures retailer category title variation.
A0106,Fantastic Noodles,fantasticnoodles,packaging_variation,retailer_product_page,B0566,Fantastic,P0062,San Remo Macaroni Company Pty Ltd,reviewed,SRC_FANTASTIC_SNACKS,SRC_FANTASTIC_SNACKS,Captures Fantastic noodle product-title variants.
A0107,Fantastic Snacks,fantasticsnacks,common_shorthand,official_brand_page,B0566,Fantastic,P0062,San Remo Macaroni Company Pty Ltd,reviewed,SRC_FANTASTIC_SNACKS,SRC_FANTASTIC_SNACKS,Captures official company/brand phrase and snack-category title variants.
A0108,MMC,mmc,short_form,manual_stewardship,B0567,My Muscle Chef,P0063,My Muscle Chef Pty Ltd,reviewed,SRC_MY_MUSCLE_CHEF_OFFICIAL,SRC_MY_MUSCLE_CHEF_OFFICIAL,Common shorthand candidate for My Muscle Chef; retain as provisional pending observed usage.
A0109,My MC,mymc,short_form,manual_stewardship,B0567,My Muscle Chef,P0063,My Muscle Chef Pty Ltd,reviewed,SRC_MY_MUSCLE_CHEF_OFFICIAL,SRC_MY_MUSCLE_CHEF_OFFICIAL,Common shorthand candidate for My Muscle Chef; retain as provisional pending observed usage.
A0110,Red Bull Energy Drink,redbullenergydrink,retailer_listing_variation,retailer_product_page,B0569,Red Bull,P0152,Red Bull GmbH,reviewed,SRC_REDBULL_AU,SRC_REDBULL_AU,v0.9 alias seed; deterministic normalized exact matching only.
A0111,Capilano Honey,capilanohoney,packaging_variation,official_parent_brand_page,B0572,Capilano,P0154,Hive + Wellness Australia Pty Ltd,reviewed,SRC_HIVE_WELLNESS_BRANDS,SRC_HIVE_WELLNESS_BRANDS,v0.9 alias seed; deterministic normalized exact matching only.
A0112,Kikkoman Soy Sauce,kikkomansoysauce,packaging_variation,official_brand_page,B0573,Kikkoman,P0146,Kikkoman Corporation,reviewed,SRC_KIKKOMAN_AU,SRC_KIKKOMAN_AU,v0.9 alias seed; deterministic normalized exact matching only.
A0113,McKenzie’s Foods,mckenziesfoods,retailer_listing_variation,official_brand_page,B0574,McKenzie's,P0155,Ward McKenzie Pty Ltd,reviewed,SRC_MCKENZIES_FOODS,SRC_MCKENZIES_FOODS,v0.9 alias seed; deterministic normalized exact matching only.
A0114,Saxa Salt,saxasalt,packaging_variation,manual_stewardship,B0575,Saxa,P0016,The Kraft Heinz Company,provisional,SRC_SAXA_UAT_REVIEW,SRC_SAXA_UAT_REVIEW,v0.9 alias seed; deterministic normalized exact matching only. v0.10 founder decision: Saxa alias remains provisional under Kraft Heinz AU/NZ caveat.
A0115,woolworths food,woolworthsfood,imported_seed_alias,imported_ktc_seed,B0001,Woolworths,P0001,Woolworths Group Limited,reviewed,SRC_KTC_2026_PARENT_MAPPING_FILE,SRC_KTC_2026_PARENT_MAPPING_FILE,Imported from KTC seed alias list where current-parent alignment is marked same; deterministic exact-normalized matching only.
A0116,woolworths brand,woolworthsbrand,imported_seed_alias,imported_ktc_seed,B0001,Woolworths,P0001,Woolworths Group Limited,reviewed,SRC_KTC_2026_PARENT_MAPPING_FILE,SRC_KTC_2026_PARENT_MAPPING_FILE,Imported from KTC seed alias list where current-parent alignment is marked same; deterministic exact-normalized matching only.
A0117,coles brand,colesbrand,imported_seed_alias,imported_ktc_seed,B0200,Coles,P0002,Coles Group Limited,reviewed,SRC_KTC_2026_PARENT_MAPPING_FILE,SRC_KTC_2026_PARENT_MAPPING_FILE,Imported from KTC seed alias list where current-parent alignment is marked same; deterministic exact-normalized matching only.
A0118,tesco brand,tescobrand,imported_seed_alias,imported_ktc_seed,B0510,Tesco,P0050,Tesco PLC,reviewed,SRC_KTC_2026_PARENT_MAPPING_FILE,SRC_KTC_2026_PARENT_MAPPING_FILE,Imported from KTC seed alias list where current-parent alignment is marked same; deterministic exact-normalized matching only.
A0119,ah,ah,imported_seed_alias,imported_ktc_seed,B0523,Albert Heijn,P0052,Ahold Delhaize,reviewed,SRC_KTC_2026_PARENT_MAPPING_FILE,SRC_KTC_2026_PARENT_MAPPING_FILE,Imported from KTC seed alias list where current-parent alignment is marked same; deterministic exact-normalized matching only.
A0120,top value,topvalue,imported_seed_alias,imported_ktc_seed,B0578,Topvalu,P0106,"Aeon Co., Ltd.",reviewed,SRC_KTC_2026_PARENT_MAPPING_FILE,SRC_KTC_2026_PARENT_MAPPING_FILE,Imported from KTC seed alias list where current-parent alignment is marked same; deterministic exact-normalized matching only.
A0121,7 premium,7premium,imported_seed_alias,imported_ktc_seed,B0579,Seven Premium,P0131,"Seven & i Holdings Co., Ltd.",reviewed,SRC_KTC_2026_PARENT_MAPPING_FILE,SRC_KTC_2026_PARENT_MAPPING_FILE,Imported from KTC seed alias list where current-parent alignment is marked same; deterministic exact-normalized matching only.
A0122,pc,pc,imported_seed_alias,imported_ktc_seed,B0580,President's Choice,P0123,Loblaw Companies Limited,reviewed,SRC_KTC_2026_PARENT_MAPPING_FILE,SRC_KTC_2026_PARENT_MAPPING_FILE,Imported from KTC seed alias list where current-parent alignment is marked same; deterministic exact-normalized matching only.
A0123,kroger brand,krogerbrand,imported_seed_alias,imported_ktc_seed,B0582,Kroger,P0074,The Kroger Co.,reviewed,SRC_KTC_2026_PARENT_MAPPING_FILE,SRC_KTC_2026_PARENT_MAPPING_FILE,Imported from KTC seed alias list where current-parent alignment is marked same; deterministic exact-normalized matching only.
A0124,carrefour brand,carrefourbrand,imported_seed_alias,imported_ktc_seed,B0533,Carrefour,P0054,Carrefour S.A.,reviewed,SRC_KTC_2026_PARENT_MAPPING_FILE,SRC_KTC_2026_PARENT_MAPPING_FILE,Imported from KTC seed alias list where current-parent alignment is marked same; deterministic exact-normalized matching only.
A0125,selection metro,selectionmetro,imported_seed_alias,imported_ktc_seed,B0586,Selection,P0096,Metro Inc.,reviewed,SRC_KTC_2026_PARENT_MAPPING_FILE,SRC_KTC_2026_PARENT_MAPPING_FILE,Imported from KTC seed alias list where current-parent alignment is marked same; deterministic exact-normalized matching only.
A0126,hellmanns mayonnaise,hellmannsmayonnaise,imported_seed_alias,imported_ktc_seed,B0102,Hellmann's,P0013,Unilever PLC,reviewed,SRC_KTC_2026_PARENT_MAPPING_FILE,SRC_KTC_2026_PARENT_MAPPING_FILE,Imported from KTC seed alias list where current-parent alignment is marked same; deterministic exact-normalized matching only.
A0127,knorr soups,knorrsoups,imported_seed_alias,imported_ktc_seed,B0101,Knorr,P0013,Unilever PLC,reviewed,SRC_KTC_2026_PARENT_MAPPING_FILE,SRC_KTC_2026_PARENT_MAPPING_FILE,Imported from KTC seed alias list where current-parent alignment is marked same; deterministic exact-normalized matching only.
A0128,hersheys kisses,hersheyskisses,imported_seed_alias,imported_ktc_seed,B0591,Kisses,P0033,The Hershey Company,reviewed,SRC_KTC_2026_PARENT_MAPPING_FILE,SRC_KTC_2026_PARENT_MAPPING_FILE,Imported from KTC seed alias list where current-parent alignment is marked same; deterministic exact-normalized matching only.
A0129,jolly ranchers,jollyranchers,imported_seed_alias,imported_ktc_seed,B0394,Jolly Rancher,P0033,The Hershey Company,reviewed,SRC_KTC_2026_PARENT_MAPPING_FILE,SRC_KTC_2026_PARENT_MAPPING_FILE,Imported from KTC seed alias list where current-parent alignment is marked same; deterministic exact-normalized matching only.
A0130,icebreakers,icebreakers,imported_seed_alias,imported_ktc_seed,B0166,Ice Breakers,P0033,The Hershey Company,reviewed,SRC_KTC_2026_PARENT_MAPPING_FILE,SRC_KTC_2026_PARENT_MAPPING_FILE,Imported from KTC seed alias list where current-parent alignment is marked same; deterministic exact-normalized matching only.
A0131,milkbone,milkbone,imported_seed_alias,imported_ktc_seed,B0596,Milk-Bone,P0148,The J. M. Smucker Company,reviewed,SRC_KTC_2026_PARENT_MAPPING_FILE,SRC_KTC_2026_PARENT_MAPPING_FILE,Imported from KTC seed alias list where current-parent alignment is marked same; deterministic exact-normalized matching only.
A0132,cadbury chocolate,cadburychocolate,imported_seed_alias,imported_ktc_seed,B0067,Cadbury,P0009,"Mondelez International, Inc.",reviewed,SRC_KTC_2026_PARENT_MAPPING_FILE,SRC_KTC_2026_PARENT_MAPPING_FILE,Imported from KTC seed alias list where current-parent alignment is marked same; deterministic exact-normalized matching only.
A0133,oreo cookies,oreocookies,imported_seed_alias,imported_ktc_seed,B0068,Oreo,P0009,"Mondelez International, Inc.",reviewed,SRC_KTC_2026_PARENT_MAPPING_FILE,SRC_KTC_2026_PARENT_MAPPING_FILE,Imported from KTC seed alias list where current-parent alignment is marked same; deterministic exact-normalized matching only.
A0134,toblerone chocolate,tobleronechocolate,imported_seed_alias,imported_ktc_seed,B0071,Toblerone,P0009,"Mondelez International, Inc.",reviewed,SRC_KTC_2026_PARENT_MAPPING_FILE,SRC_KTC_2026_PARENT_MAPPING_FILE,Imported from KTC seed alias list where current-parent alignment is marked same; deterministic exact-normalized matching only.
A0135,ritz crackers,ritzcrackers,imported_seed_alias,imported_ktc_seed,B0069,Ritz,P0009,"Mondelez International, Inc.",reviewed,SRC_KTC_2026_PARENT_MAPPING_FILE,SRC_KTC_2026_PARENT_MAPPING_FILE,Imported from KTC seed alias list where current-parent alignment is marked same; deterministic exact-normalized matching only.
A0136,belvita breakfast biscuits,belvitabreakfastbiscuits,imported_seed_alias,imported_ktc_seed,B0075,belVita,P0009,"Mondelez International, Inc.",reviewed,SRC_KTC_2026_PARENT_MAPPING_FILE,SRC_KTC_2026_PARENT_MAPPING_FILE,Imported from KTC seed alias list where current-parent alignment is marked same; deterministic exact-normalized matching only.
A0137,trident gum,tridentgum,imported_seed_alias,imported_ktc_seed,B0598,Trident,P0009,"Mondelez International, Inc.",reviewed,SRC_KTC_2026_PARENT_MAPPING_FILE,SRC_KTC_2026_PARENT_MAPPING_FILE,Imported from KTC seed alias list where current-parent alignment is marked same; deterministic exact-normalized matching only.
A0138,halls lozenges,hallslozenges,imported_seed_alias,imported_ktc_seed,B0599,Halls,P0009,"Mondelez International, Inc.",reviewed,SRC_KTC_2026_PARENT_MAPPING_FILE,SRC_KTC_2026_PARENT_MAPPING_FILE,Imported from KTC seed alias list where current-parent alignment is marked same; deterministic exact-normalized matching only.
A0139,maggi noodles,magginoodles,imported_seed_alias,imported_ktc_seed,B0063,Maggi,P0008,Nestlé S.A.,reviewed,SRC_KTC_2026_PARENT_MAPPING_FILE,SRC_KTC_2026_PARENT_MAPPING_FILE,Imported from KTC seed alias list where current-parent alignment is marked same; deterministic exact-normalized matching only.
A0140,maggi seasoning,maggiseasoning,imported_seed_alias,imported_ktc_seed,B0063,Maggi,P0008,Nestlé S.A.,reviewed,SRC_KTC_2026_PARENT_MAPPING_FILE,SRC_KTC_2026_PARENT_MAPPING_FILE,Imported from KTC seed alias list where current-parent alignment is marked same; deterministic exact-normalized matching only.
A0141,milo drink,milodrink,imported_seed_alias,imported_ktc_seed,B0061,Milo,P0008,Nestlé S.A.,reviewed,SRC_KTC_2026_PARENT_MAPPING_FILE,SRC_KTC_2026_PARENT_MAPPING_FILE,Imported from KTC seed alias list where current-parent alignment is marked same; deterministic exact-normalized matching only.
A0142,milo powder,milopowder,imported_seed_alias,imported_ktc_seed,B0061,Milo,P0008,Nestlé S.A.,reviewed,SRC_KTC_2026_PARENT_MAPPING_FILE,SRC_KTC_2026_PARENT_MAPPING_FILE,Imported from KTC seed alias list where current-parent alignment is marked same; deterministic exact-normalized matching only.
A0143,kit kat,kitkat,imported_seed_alias,imported_ktc_seed,B0060,KitKat,P0008,Nestlé S.A.,reviewed,SRC_KTC_2026_PARENT_MAPPING_FILE,SRC_KTC_2026_PARENT_MAPPING_FILE,Imported from KTC seed alias list where current-parent alignment is marked same; deterministic exact-normalized matching only.
A0144,nescafe,nescafe,imported_seed_alias,imported_ktc_seed,B0062,Nescafé,P0008,Nestlé S.A.,reviewed,SRC_KTC_2026_PARENT_MAPPING_FILE,SRC_KTC_2026_PARENT_MAPPING_FILE,Imported from KTC seed alias list where current-parent alignment is marked same; deterministic exact-normalized matching only.
A0145,nes café,nescaf,imported_seed_alias,imported_ktc_seed,B0062,Nescafé,P0008,Nestlé S.A.,reviewed,SRC_KTC_2026_PARENT_MAPPING_FILE,SRC_KTC_2026_PARENT_MAPPING_FILE,Imported from KTC seed alias list where current-parent alignment is marked same; deterministic exact-normalized matching only.
A0146,nespresso capsules,nespressocapsules,imported_seed_alias,imported_ktc_seed,B0232,Nespresso,P0008,Nestlé S.A.,reviewed,SRC_KTC_2026_PARENT_MAPPING_FILE,SRC_KTC_2026_PARENT_MAPPING_FILE,Imported from KTC seed alias list where current-parent alignment is marked same; deterministic exact-normalized matching only.
A0147,purina one,purinaone,imported_seed_alias,imported_ktc_seed,B0600,Purina,P0008,Nestlé S.A.,reviewed,SRC_KTC_2026_PARENT_MAPPING_FILE,SRC_KTC_2026_PARENT_MAPPING_FILE,Imported from KTC seed alias list where current-parent alignment is marked same; deterministic exact-normalized matching only.
A0148,purina petcare,purinapetcare,imported_seed_alias,imported_ktc_seed,B0600,Purina,P0008,Nestlé S.A.,reviewed,SRC_KTC_2026_PARENT_MAPPING_FILE,SRC_KTC_2026_PARENT_MAPPING_FILE,Imported from KTC seed alias list where current-parent alignment is marked same; deterministic exact-normalized matching only.
A0149,nestle smarties,nestlesmarties,imported_seed_alias,imported_ktc_seed,B0601,Smarties,P0008,Nestlé S.A.,reviewed,SRC_KTC_2026_PARENT_MAPPING_FILE,SRC_KTC_2026_PARENT_MAPPING_FILE,Imported from KTC seed alias list where current-parent alignment is marked same; deterministic exact-normalized matching only.
A0150,csr sugar,csrsugar,imported_seed_alias,imported_ktc_seed,B0602,CSR,P0047,Wilmar International Limited,reviewed,SRC_KTC_2026_PARENT_MAPPING_FILE,SRC_KTC_2026_PARENT_MAPPING_FILE,Imported from KTC seed alias list where current-parent alignment is marked same; deterministic exact-normalized matching only.
A0151,chelsea sugar,chelseasugar,imported_seed_alias,imported_ktc_seed,B0603,Chelsea,P0047,Wilmar International Limited,reviewed,SRC_KTC_2026_PARENT_MAPPING_FILE,SRC_KTC_2026_PARENT_MAPPING_FILE,Imported from KTC seed alias list where current-parent alignment is marked same; deterministic exact-normalized matching only.
A0152,praise mayonnaise,praisemayonnaise,imported_seed_alias,imported_ktc_seed,B0605,Praise,P0047,Wilmar International Limited,reviewed,SRC_KTC_2026_PARENT_MAPPING_FILE,SRC_KTC_2026_PARENT_MAPPING_FILE,Imported from KTC seed alias list where current-parent alignment is marked same; deterministic exact-normalized matching only.
A0153,activia yoghurt,activiayoghurt,imported_seed_alias,imported_ktc_seed,B0608,Activia,P0143,Danone,reviewed,SRC_KTC_2026_PARENT_MAPPING_FILE,SRC_KTC_2026_PARENT_MAPPING_FILE,Imported from KTC seed alias list where current-parent alignment is marked same; deterministic exact-normalized matching only.
A0154,activia yogurt,activiayogurt,imported_seed_alias,imported_ktc_seed,B0608,Activia,P0143,Danone,reviewed,SRC_KTC_2026_PARENT_MAPPING_FILE,SRC_KTC_2026_PARENT_MAPPING_FILE,Imported from KTC seed alias list where current-parent alignment is marked same; deterministic exact-normalized matching only.
A0155,aptamil formula,aptamilformula,imported_seed_alias,imported_ktc_seed,B0610,Aptamil,P0143,Danone,reviewed,SRC_KTC_2026_PARENT_MAPPING_FILE,SRC_KTC_2026_PARENT_MAPPING_FILE,Imported from KTC seed alias list where current-parent alignment is marked same; deterministic exact-normalized matching only.
A0156,alpro plant milk,alproplantmilk,imported_seed_alias,imported_ktc_seed,B0612,Alpro,P0143,Danone,reviewed,SRC_KTC_2026_PARENT_MAPPING_FILE,SRC_KTC_2026_PARENT_MAPPING_FILE,Imported from KTC seed alias list where current-parent alignment is marked same; deterministic exact-normalized matching only.
A0157,silk plant milk,silkplantmilk,imported_seed_alias,imported_ktc_seed,B0613,Silk,P0143,Danone,reviewed,SRC_KTC_2026_PARENT_MAPPING_FILE,SRC_KTC_2026_PARENT_MAPPING_FILE,Imported from KTC seed alias list where current-parent alignment is marked same; deterministic exact-normalized matching only.
A0158,cheerios cereal,cheerioscereal,imported_seed_alias,imported_ktc_seed,B0614,Cheerios,P0015,"General Mills, Inc.",reviewed,SRC_KTC_2026_PARENT_MAPPING_FILE,SRC_KTC_2026_PARENT_MAPPING_FILE,Imported from KTC seed alias list where current-parent alignment is marked same; deterministic exact-normalized matching only.
A0159,nature valley bars,naturevalleybars,imported_seed_alias,imported_ktc_seed,B0112,Nature Valley,P0015,"General Mills, Inc.",reviewed,SRC_KTC_2026_PARENT_MAPPING_FILE,SRC_KTC_2026_PARENT_MAPPING_FILE,Imported from KTC seed alias list where current-parent alignment is marked same; deterministic exact-normalized matching only.
A0160,old el paso mexican,oldelpasomexican,imported_seed_alias,imported_ktc_seed,B0111,Old El Paso,P0015,"General Mills, Inc.",reviewed,SRC_KTC_2026_PARENT_MAPPING_FILE,SRC_KTC_2026_PARENT_MAPPING_FILE,Imported from KTC seed alias list where current-parent alignment is marked same; deterministic exact-normalized matching only.
A0161,betty crocker cake mix,bettycrockercakemix,imported_seed_alias,imported_ktc_seed,B0286,Betty Crocker,P0015,"General Mills, Inc.",reviewed,SRC_KTC_2026_PARENT_MAPPING_FILE,SRC_KTC_2026_PARENT_MAPPING_FILE,Imported from KTC seed alias list where current-parent alignment is marked same; deterministic exact-normalized matching only.
A0162,haagen dazs,haagendazs,imported_seed_alias,imported_ktc_seed,B0113,Häagen-Dazs,P0015,"General Mills, Inc.",reviewed,SRC_KTC_2026_PARENT_MAPPING_FILE,SRC_KTC_2026_PARENT_MAPPING_FILE,Imported from KTC seed alias list where current-parent alignment is marked same; deterministic exact-normalized matching only.
A0163,skippy peanut butter,skippypeanutbutter,imported_seed_alias,imported_ktc_seed,B0627,Skippy,P0092,Hormel Foods Corporation,reviewed,SRC_KTC_2026_PARENT_MAPPING_FILE,SRC_KTC_2026_PARENT_MAPPING_FILE,Imported from KTC seed alias list where current-parent alignment is marked same; deterministic exact-normalized matching only.
A0164,heinz ketchup,heinzketchup,imported_seed_alias,imported_ktc_seed,B0114,Heinz,P0016,The Kraft Heinz Company,reviewed,SRC_KTC_2026_PARENT_MAPPING_FILE,SRC_KTC_2026_PARENT_MAPPING_FILE,Imported from KTC seed alias list where current-parent alignment is marked same; deterministic exact-normalized matching only.
A0165,heinz beans,heinzbeans,imported_seed_alias,imported_ktc_seed,B0114,Heinz,P0016,The Kraft Heinz Company,reviewed,SRC_KTC_2026_PARENT_MAPPING_FILE,SRC_KTC_2026_PARENT_MAPPING_FILE,Imported from KTC seed alias list where current-parent alignment is marked same; deterministic exact-normalized matching only.
A0166,kraft cheese,kraftcheese,imported_seed_alias,imported_ktc_seed,B0117,Kraft,P0016,The Kraft Heinz Company,reviewed,SRC_KTC_2026_PARENT_MAPPING_FILE,SRC_KTC_2026_PARENT_MAPPING_FILE,Imported from KTC seed alias list where current-parent alignment is marked same; deterministic exact-normalized matching only.
A0167,birdseye,birdseye,imported_seed_alias,imported_ktc_seed,B0632,Birds Eye,P0142,"Conagra Brands, Inc.",reviewed,SRC_KTC_2026_PARENT_MAPPING_FILE,SRC_KTC_2026_PARENT_MAPPING_FILE,Imported from KTC seed alias list where current-parent alignment is marked same; deterministic exact-normalized matching only.
A0168,swift meats,swiftmeats,imported_seed_alias,imported_ktc_seed,B0355,Swift,P0027,JBS S.A.,reviewed,SRC_KTC_2026_PARENT_MAPPING_FILE,SRC_KTC_2026_PARENT_MAPPING_FILE,Imported from KTC seed alias list where current-parent alignment is marked same; deterministic exact-normalized matching only.
A0169,tyson chicken,tysonchicken,imported_seed_alias,imported_ktc_seed,B0366,Tyson,P0029,"Tyson Foods, Inc.",reviewed,SRC_KTC_2026_PARENT_MAPPING_FILE,SRC_KTC_2026_PARENT_MAPPING_FILE,Imported from KTC seed alias list where current-parent alignment is marked same; deterministic exact-normalized matching only.
A0170,Kettle Chips,kettle chips,packaging_variation,official_parent_brand_page,B0163,Kettle,P0156,Intersnack Group GmbH & Co. KG,reviewed,SRC_INTERSNACK_BRANDS,SRC_INTERSNACK_BRANDS,v0.10 founder exception review alias for Kettle. v0.13 retargeted from phantom B0650 to reviewed Kettle row B0163.
A0171,Kettle,kettle,common_shorthand,official_parent_brand_page,B0163,Kettle,P0156,Intersnack Group GmbH & Co. KG,reviewed,SRC_INTERSNACK_BRANDS,SRC_INTERSNACK_BRANDS,v0.10 founder exception review canonical/common alias for Kettle. v0.13 retargeted from phantom B0650 to reviewed Kettle row B0163.
A0172,McCain Healthy Choice,mccain healthy choice,packaging_variation,official_brand_page,B0651,McCain Healthy Choice,P0045,McCain Foods Limited,reviewed,SRC_MCCAIN_HEALTHY_CHOICE,SRC_MCCAIN_HEALTHY_CHOICE,v0.10 founder exception review alias.
A0173,Healthy Choice,healthy choice,local_market_variant,official_brand_page,B0651,McCain Healthy Choice,P0045,McCain Foods Limited,reviewed,SRC_MCCAIN_HEALTHY_CHOICE,SRC_MCCAIN_HEALTHY_CHOICE,v0.10 local AU/NZ alias; do not use to chain US/Canada Conagra Healthy Choice.
A0174,Walls,walls,punctuation_variation,official_parent_brand_page,B0652,Wall's,P0014,The Magnum Ice Cream Company N.V.,reviewed,SRC_TMICC_BRANDS,SRC_TMICC_BRANDS,v0.10 founder exception review alias for Wall's.
A0175,Tip Top Bakery,tip top bakery,common_shorthand,manual_stewardship,B0301,Tip Top Bakery,P0164,George Weston Foods Limited,reviewed,SRC_CHAINING_REFRESH_20260816,SRC_CHAINING_REFRESH_20260816,Bounded alias for 20260816 identity refresh; no unqualified collision aliases.
A0176,Yoplait (AU),yoplait au,common_shorthand,manual_stewardship,B0339,Yoplait (AU / Bega licence),P0023,Bega Group Limited,reviewed,SRC_CHAINING_REFRESH_20260816,SRC_CHAINING_REFRESH_20260816,Bounded alias for 20260816 identity refresh; no unqualified collision aliases.
A0177,Yoplait (AU / Bega licence),yoplait au bega licence,common_shorthand,manual_stewardship,B0339,Yoplait (AU / Bega licence),P0023,Bega Group Limited,reviewed,SRC_CHAINING_REFRESH_20260816,SRC_CHAINING_REFRESH_20260816,Bounded alias for 20260816 identity refresh; no unqualified collision aliases.
A0178,Yoplait (NZ),yoplait nz,common_shorthand,manual_stewardship,B0656,Yoplait (NZ / Goodman Fielder-Wilmar licence),P0040,Goodman Fielder Pty Limited,reviewed,SRC_CHAINING_REFRESH_20260816,SRC_CHAINING_REFRESH_20260816,Bounded alias for 20260816 identity refresh; no unqualified collision aliases.
A0179,Yoplait (NZ / Goodman Fielder-Wilmar licence),yoplait nz goodman fielder wilmar licence,common_shorthand,manual_stewardship,B0656,Yoplait (NZ / Goodman Fielder-Wilmar licence),P0040,Goodman Fielder Pty Limited,reviewed,SRC_CHAINING_REFRESH_20260816,SRC_CHAINING_REFRESH_20260816,Bounded alias for 20260816 identity refresh; no unqualified collision aliases.
A0180,Kelloggs,kelloggs,common_shorthand,manual_stewardship,B0657,Kellogg's,P0007,"Mars, Incorporated",reviewed,SRC_CHAINING_REFRESH_20260816,SRC_CHAINING_REFRESH_20260816,Bounded alias for 20260816 identity refresh; no unqualified collision aliases.
A0181,Kellogg,kellogg,common_shorthand,manual_stewardship,B0657,Kellogg's,P0007,"Mars, Incorporated",reviewed,SRC_CHAINING_REFRESH_20260816,SRC_CHAINING_REFRESH_20260816,Bounded alias for 20260816 identity refresh; no unqualified collision aliases.
A0182,Primo Dairy,primo dairy,common_shorthand,manual_stewardship,B0718,Primo (dairy),P0022,Fonterra Co-operative Group Limited,reviewed,SRC_CHAINING_REFRESH_20260816,SRC_CHAINING_REFRESH_20260816,Bounded alias for 20260816 identity refresh; no unqualified collision aliases.
A0183,Primo yoghurt,primo yoghurt,common_shorthand,manual_stewardship,B0718,Primo (dairy),P0022,Fonterra Co-operative Group Limited,reviewed,SRC_CHAINING_REFRESH_20260816,SRC_CHAINING_REFRESH_20260816,Bounded alias for 20260816 identity refresh; no unqualified collision aliases.
A0184,Fresh n Fruity,fresh n fruity,common_shorthand,manual_stewardship,B0719,Fresh 'n Fruity,P0022,Fonterra Co-operative Group Limited,reviewed,SRC_CHAINING_REFRESH_20260816,SRC_CHAINING_REFRESH_20260816,Bounded alias for 20260816 identity refresh; no unqualified collision aliases.
A0185,Sunkist Growers,sunkist growers,common_shorthand,manual_stewardship,B0791,Sunkist,P0162,"Sunkist Growers, Inc.",reviewed,SRC_CHAINING_REFRESH_20260816,SRC_CHAINING_REFRESH_20260816,Bounded alias for 20260816 identity refresh; no unqualified collision aliases.
A0186,Peter's Ice Cream,peters ice cream,common_shorthand,manual_stewardship,B0792,Peters,P0160,Froneri International Limited,reviewed,SRC_CHAINING_REFRESH_20260816,SRC_CHAINING_REFRESH_20260816,Bounded alias for 20260816 identity refresh; no unqualified collision aliases.
A0187,Tip Top Ice Cream,tip top ice cream,common_shorthand,manual_stewardship,B0793,Tip Top Ice Cream,P0160,Froneri International Limited,reviewed,SRC_CHAINING_REFRESH_20260816,SRC_CHAINING_REFRESH_20260816,Bounded alias for 20260816 identity refresh; no unqualified collision aliases.
A0188,Sanremo,sanremo,common_shorthand,manual_stewardship,B0802,San Remo,P0062,San Remo Macaroni Company Pty Ltd,reviewed,SRC_CHAINING_REFRESH_20260816,SRC_CHAINING_REFRESH_20260816,Bounded alias for 20260816 identity refresh; no unqualified collision aliases.
