parent_id,canonical_parent_name,display_parent_name,parent_type,parent_operating_role,parent_cohort_category,au_shelf_priority_y_n,nz_shelf_priority_y_n,bbfaw_seed_asset_member_y_n,ktc_seed_asset_member_y_n,core_uat_asset_member_y_n,review_state,primary_source_type,primary_source_id,primary_source_name,primary_source_url_or_reference,source_harvest_date,substantiation_note,notes_internal
P0001,Woolworths Group Limited,Woolworths Group Limited,public_company,retailer,supermarket_retailer_parent,Y,Y,Y,Y,N,reviewed,official_parent_brand_page,SRC_WOOLWORTHS_GROUP_BRANDS,Woolworths Group — Our Brands,https://www.woolworthsgroup.com.au/au/en/who-we-are/our-brands.html,2026-04-28,Official group page confirms Woolworths AU and Woolworths New Zealand as food retail businesses.,Retailer parent; own-label brands represented in canonical_brands. v0.9 reconciled source name 'Woolworths Limited'. v0.9 reconciled source name 'Woolworths Group Limited'.
P0002,Coles Group Limited,Coles Group Limited,public_company,retailer,supermarket_retailer_parent,Y,N,Y,Y,N,reviewed,retailer_own_brand_page,SRC_COLES_OWN_BRANDS,Coles — Our Brands,https://www.coles.com.au/about/who-we-are/our-brands,2026-04-28,Coles own brand source supports retailer own-label brand family rows.,Retailer parent. v0.9 reconciled source name 'Coles Group'.
P0003,Foodstuffs New Zealand,Foodstuffs New Zealand,cooperative,retailer,supermarket_retailer_parent,N,Y,N,N,N,reviewed,official_parent_brand_page,SRC_FOODSTUFFS_OUR_BRANDS,Foodstuffs — Our Brands,https://www.foodstuffs.co.nz/our-brands,2026-04-28,Foodstuffs page describes NZ store brands and own brands; bridging parent requires NZ partner review because of cooperative structure.,"Provisional umbrella parent pending NZ stewardship decision. v0.10 founder decision: approved as pragmatic umbrella parent for Wave 1, reflecting national brand ownership/coordination across Foodstuffs North Island and Foodstuffs South Island."
P0004,ALDI Süd / ALDI Einkauf SE & Co. oHG,ALDI Süd / ALDI Einkauf SE & Co. oHG,private_company,retailer,supermarket_retailer_parent,Y,N,Y,N,N,reviewed,retailer_product_page,SRC_ALDI_AU_BRANDS,ALDI Australia — Brands/Product Pages,https://www.aldi.com.au/brands/Choceur,2026-04-28,v0.3 parent/brand source harvested from ALDI Australia — Brands/Product Pages; current-chain mapping remains founder-reviewable.,Use simplified display name for AU supermarket context. v0.9 reconciled source name 'ALDI Süd/ALDI Einkauf SE & Co. oHG'. v0.10 founder decision: ALDI Süd accepted as AU chain treatment; ALDI Nord retained as benchmark seed parent only where relevant.
P0005,Metcash Limited,Metcash Limited,public_company,retailer,supermarket_retailer_parent,Y,N,N,N,N,reviewed,manual_stewardship,SRC_METCASH_IGA_BRANDS,Metcash/IGA own-label stewardship seed,https://www.iga.com.au/,2026-04-28,v0.3 parent/brand source harvested from Metcash/IGA own-label stewardship seed; current-chain mapping remains founder-reviewable.,Needs IGA/Black & Gold/Community Co source harvesting.
P0006,Costco Wholesale Corporation,Costco Wholesale Corporation,public_company,retailer,supermarket_retailer_parent,Y,N,Y,Y,N,reviewed,retailer_own_brand_page,SRC_COSTCO_KIRKLAND,Costco Australia — Kirkland Signature,https://www.costco.com.au/kirkland-signature,2026-04-28,v0.3 parent/brand source harvested from Costco Australia — Kirkland Signature; current-chain mapping remains founder-reviewable.,Review AU/NZ relevance depth. v0.9 reconciled source name 'Costco Wholesale Corporation'.
P0007,"Mars, Incorporated","Mars, Incorporated",private_company,brand_owner,global_food_beverage_parent,Y,Y,Y,N,N,reviewed,official_parent_brand_page,SRC_MARS_AU_BRANDS,Mars Australia — A-Z Brands,https://www.mars.com/en-au/our-brands/all-brands,2026-04-28,v0.3 parent/brand source harvested from Mars Australia — A-Z Brands; current-chain mapping remains founder-reviewable.,Founder approved Mars/Kellanova current ownership in v0.5; Kellanova/Kellogg's AU brand rows added provisionally. v0.9 reconciled source name 'Mars Inc'.
P0008,Nestlé S.A.,Nestlé S.A.,public_company,brand_owner,global_food_beverage_parent,Y,Y,Y,Y,N,reviewed,official_parent_brand_page,SRC_NESTLE_AU_BRANDS,Nestlé Australia — Brands,https://www.nestle.com.au/en/brands,2026-04-28,v0.3 parent/brand source harvested from Nestlé Australia — Brands; current-chain mapping remains founder-reviewable.,Official AU/NZ brand source harvesting pending. v0.9 reconciled source name 'Nestlé SA'. v0.9 reconciled source name 'Nestlé S.A.'.
P0009,"Mondelez International, Inc.","Mondelez International, Inc.",public_company,brand_owner,global_food_beverage_parent,Y,Y,Y,Y,N,reviewed,official_parent_brand_page,SRC_MONDELEZ_BRANDS,Mondelēz International — Our Brands,https://www.mondelezinternational.com/Our-Brands/,2026-04-28,v0.3 parent/brand source harvested from Mondelēz International — Our Brands; current-chain mapping remains founder-reviewable.,"Official AU/NZ brand source harvesting pending. v0.9 reconciled source name 'Mondelēz International'. v0.9 reconciled source name 'Mondelēz International, Inc.'. v0.10 founder decision: Captain's Table crackers approved as Mondelez-owned local/shelf brand via Gourmet Food Holdings acquisition/product evidence."
P0010,"PepsiCo, Inc.","PepsiCo, Inc.",public_company,brand_owner,global_food_beverage_parent,Y,Y,N,N,N,reviewed,official_parent_brand_page,SRC_PEPSICO_AU_BRANDS,PepsiCo Australia — Our Brands,https://pepsico.com.au/our-brands,2026-04-28,v0.3 parent/brand source harvested from PepsiCo Australia — Our Brands; current-chain mapping remains founder-reviewable.,Official AU/NZ brand source harvesting pending.
P0011,The Coca-Cola Company,The Coca-Cola Company,public_company,brand_owner,global_food_beverage_parent,Y,Y,N,N,N,reviewed,official_parent_brand_page,SRC_COCA_COLA_AU_BRANDS,Coca‑Cola Australia — Brands,https://www.coca-cola.com/au/en/brands,2026-04-28,v0.3 parent/brand source harvested from Coca‑Cola Australia — Brands; current-chain mapping remains founder-reviewable.,Requires bottler/brand-owner distinction notes later.
P0012,Danone S.A.,Danone S.A.,public_company,brand_owner,global_food_beverage_parent,Y,Y,Y,N,N,reviewed,official_parent_brand_page,SRC_DANONE_GLOBAL_BRANDS,Danone — Brands,https://www.danone.com/brands.html,2026-04-28,v0.3 parent/brand source harvested from Danone — Brands; current-chain mapping remains founder-reviewable.,Official AU/NZ brand source harvesting pending. v0.9 reconciled source name 'Groupe Danone SA'.
P0013,Unilever PLC,Unilever PLC,public_company,brand_owner,global_food_beverage_parent,Y,Y,Y,Y,N,reviewed,official_parent_brand_page,SRC_UNILEVER_AU_BRANDS,Unilever Australia & New Zealand,https://www.unilever.com.au/,2026-04-28,v0.3 parent/brand source harvested from Unilever Australia & New Zealand; current-chain mapping remains founder-reviewable.,Do not attach ice cream brands until TMICC review resolved. v0.9 reconciled source name 'Unilever NV'. v0.9 reconciled source name 'Unilever plc'.
P0014,The Magnum Ice Cream Company N.V.,The Magnum Ice Cream Company N.V.,public_company,brand_owner,global_food_beverage_parent,Y,Y,N,N,N,reviewed,official_brand_page,SRC_TMICC_DEMERGER_INFO,The Magnum Ice Cream Company — Demerger Information,https://corporate.magnumicecream.com/en/investors/demerger-information.html,2026-04-28,v0.3 parent/brand source harvested from Streets Ice Cream — Brands; current-chain mapping remains founder-reviewable.,Founder approved TMICC/Unilever ice cream demerger current-chain treatment in v0.5. v0.10 founder decision: TMICC promoted/approved as current owner of relevant ice-cream brands after Unilever demerger.
P0015,"General Mills, Inc.","General Mills, Inc.",public_company,brand_owner,global_food_beverage_parent,Y,Y,Y,Y,N,reviewed,official_parent_brand_page,SRC_GENERAL_MILLS_AU_BRANDS,General Mills Australia — Brands,https://www.generalmills.com.au/brands,2026-04-28,v0.3 parent/brand source harvested from General Mills Australia — Brands; current-chain mapping remains founder-reviewable.,"Official AU/NZ brand source harvesting pending. v0.9 reconciled source name 'General Mills Inc'. v0.9 reconciled source name 'General Mills, Inc.'."
P0016,The Kraft Heinz Company,The Kraft Heinz Company,public_company,brand_owner,global_food_beverage_parent,Y,Y,Y,Y,Y,reviewed,official_parent_brand_page,SRC_KRAFT_HEINZ_BRANDS,Kraft Heinz — Beloved Global Brands,https://www.kraftheinzcompany.com/brands.html,2026-04-28,v0.3 parent/brand source harvested from Kraft Heinz — Beloved Global Brands; current-chain mapping remains founder-reviewable.,Official AU/NZ brand source harvesting pending. v0.9 reconciled source name 'Kraft Heinz Company'. v0.9 reconciled source name 'The Kraft Heinz Company'. v0.9 UAT-led promotion/reconciliation.
P0017,Ferrero Group,Ferrero Group,private_company,brand_owner,global_food_beverage_parent,Y,Y,Y,N,N,reviewed,official_parent_brand_page,SRC_FERRERO_AU_BRANDS,Ferrero Australia & New Zealand — Brands,https://www.ferrero.com/au/en/our-brands,2026-04-28,v0.3 parent/brand source harvested from Ferrero Australia & New Zealand — Brands; current-chain mapping remains founder-reviewable.,Review benchmark membership. v0.9 reconciled source name 'Ferrero Group'.
P0018,Associated British Foods plc,Associated British Foods plc,public_company,mixed,global_food_beverage_parent,Y,Y,N,Y,N,reviewed,official_parent_brand_page,SRC_ABF_BRANDS,Associated British Foods — Our Businesses,https://www.abf.co.uk/our-businesses,2026-04-28,v0.3 parent/brand source harvested from Associated British Foods — Our Businesses; current-chain mapping remains founder-reviewable.,Official source harvesting pending. v0.9 reconciled source name 'Associated British Foods plc'.
P0019,Barilla G. e R. Fratelli S.p.A.,Barilla G. e R. Fratelli S.p.A.,private_company,brand_owner,global_food_beverage_parent,Y,Y,Y,N,N,reviewed,official_parent_brand_page,SRC_BARILLA_GROUP_BRANDS,Barilla Group — Brands,https://www.barillagroup.com/en/brands/,2026-04-28,v0.3 parent/brand source harvested from Barilla Group — Brands; current-chain mapping remains founder-reviewable.,Official source harvesting pending. v0.9 reconciled source name 'Barilla SpA'.
P0020,Lactalis Group,Lactalis Group,private_company,brand_owner,global_food_beverage_parent,Y,Y,Y,N,N,reviewed,official_parent_brand_page,SRC_LACTALIS_AU_BRANDS,Lactalis Australia — Brands,https://lactalis.com.au/brand/,2026-04-28,v0.3 parent/brand source harvested from Lactalis Australia — Brands; current-chain mapping remains founder-reviewable.,Official source harvesting pending. v0.9 reconciled source name 'Groupe Lactalis'.
P0021,Arla Foods amba,Arla Foods amba,cooperative,brand_owner,global_food_beverage_parent,Y,Y,Y,N,N,reviewed,official_parent_brand_page,SRC_ARLA_BRANDS,Arla Foods — Brands,https://www.arla.com/brands/,2026-04-28,v0.3 parent/brand source harvested from Arla Foods — Brands; current-chain mapping remains founder-reviewable.,Official source harvesting pending. v0.9 reconciled source name 'Arla Foods Ltd.'.
P0022,Fonterra Co-operative Group Limited,Fonterra Co-operative Group Limited,cooperative,brand_owner,regional_food_beverage_parent,Y,Y,Y,N,N,reviewed,official_parent_brand_page,SRC_FONTERRA_AU_BRANDS,Fonterra Australia — Our Brands,https://www.fonterra.com/au/en/about-us/our-brands.html,2026-04-28,v0.3 parent/brand source harvested from Fonterra Australia — Our Brands; current-chain mapping remains founder-reviewable.,Official current brand source harvesting pending. v0.9 reconciled source name 'Fonterra'.
P0023,Bega Group Limited,Bega Group Limited,public_company,brand_owner,regional_food_beverage_parent,Y,N,N,N,N,reviewed,official_parent_brand_page,SRC_BEGA_GROUP_BRANDS,Bega Group — About/Brands,https://begagroup.com.au/,2026-04-28,v0.3 parent/brand source harvested from Bega Group — About/Brands; current-chain mapping remains founder-reviewable.,Official brand portfolio source harvesting pending.
P0024,The a2 Milk Company Limited,The a2 Milk Company Limited,public_company,brand_owner,regional_food_beverage_parent,Y,Y,N,N,N,reviewed,official_parent_brand_page,SRC_A2_MILK_BRANDS,The a2 Milk Company,https://thea2milkcompany.com/,2026-04-28,v0.3 parent/brand source harvested from The a2 Milk Company; current-chain mapping remains founder-reviewable.,Official brand source harvesting pending.
P0025,Sanitarium Health Food Company,Sanitarium Health Food Company,other,brand_owner,regional_food_beverage_parent,Y,Y,N,N,N,reviewed,official_brand_page,SRC_SANITARIUM_BRANDS,Sanitarium brand stewardship seed,https://www.sanitarium.com/au/,2026-04-28,v0.3 parent/brand source harvested from Sanitarium brand stewardship seed; current-chain mapping remains founder-reviewable.,Ownership/legal-form review may be sensitive; keep neutral.
P0026,Inghams Group Limited,Inghams Group Limited,public_company,manufacturer,regional_food_beverage_parent,Y,Y,N,N,N,reviewed,official_parent_brand_page,SRC_INGHAMS_BRANDS,Ingham's — Our Brands,https://inghams.com.au/,2026-04-28,v0.3 parent/brand source harvested from Ingham's — Our Brands; current-chain mapping remains founder-reviewable.,Official source harvesting pending.
P0027,JBS S.A.,JBS S.A.,public_company,manufacturer,global_food_beverage_parent,Y,N,Y,Y,N,reviewed,official_parent_brand_page,SRC_JBS_FOODS_BRANDS,JBS Foods — Our Brands,https://jbsfoodsgroup.com/our-brands,2026-04-28,v0.3 parent/brand source harvested from JBS Foods — Our Brands; current-chain mapping remains founder-reviewable.,Australian brand/entity review pending. v0.9 reconciled source name 'JBS SA'. v0.9 reconciled source name 'JBS S.A.'.
P0028,BRF S.A.,BRF S.A.,public_company,manufacturer,global_food_beverage_parent,N,N,N,N,N,reviewed,official_parent_brand_page,SRC_BRF_BRANDS,BRF — Our Brands,https://www.mbrf.com/en/our-brands/,2026-04-28,v0.3 parent/brand source harvested from BRF — Our Brands; current-chain mapping remains founder-reviewable.,May be later-wave only if no practical AU/NZ shelf relevance.
P0029,"Tyson Foods, Inc.","Tyson Foods, Inc.",public_company,manufacturer,global_food_beverage_parent,N,N,Y,Y,N,reviewed,official_parent_brand_page,SRC_TYSON_BRANDS,Tyson Foods — Our Brands,https://www.tysonfoods.com/our-brands,2026-04-28,v0.3 parent/brand source harvested from Tyson Foods — Our Brands; current-chain mapping remains founder-reviewable.,May be later-wave only if no practical AU/NZ shelf relevance. v0.9 reconciled source name 'Tyson Foods Inc'. v0.9 reconciled source name 'Tyson Foods Inc.'.
P0030,Maple Leaf Foods Inc.,Maple Leaf Foods Inc.,public_company,manufacturer,global_food_beverage_parent,N,N,Y,N,N,reviewed,official_parent_brand_page,SRC_MAPLE_LEAF_BRANDS,Maple Leaf Foods — Brands,https://www.mapleleaffoods.com/brands/,2026-04-28,v0.3 parent/brand source harvested from Maple Leaf Foods — Brands; current-chain mapping remains founder-reviewable.,Potentially low AU/NZ shelf relevance. v0.9 reconciled source name 'Maple Leaf Foods'.
P0031,Premier Foods plc,Premier Foods plc,public_company,brand_owner,global_food_beverage_parent,Y,Y,Y,N,Y,reviewed,official_parent_brand_page,SRC_PREMIER_FOODS_BRANDS,Premier Foods — Our Brands,https://www.premierfoods.co.uk/our-brands/,2026-04-28,v0.3 parent/brand source harvested from Premier Foods — Our Brands; current-chain mapping remains founder-reviewable.,Verify current The Spice Tailor chain. v0.9 reconciled source name 'Premier Foods PLC'.
P0032,Campbell's Company,Campbell's Company,public_company,brand_owner,global_food_beverage_parent,Y,Y,Y,Y,N,reviewed,official_brand_page,SRC_CAMPBELLS_ANZ_PRODUCTS,Campbell's ANZ — Products,https://www.campbellsanz.com/products,2026-04-28,v0.3 parent/brand source harvested from Campbell's ANZ — Products; current-chain mapping remains founder-reviewable.,Official AU/NZ source harvesting pending. v0.9 reconciled source name 'Campbell Soup Company'.
P0033,The Hershey Company,The Hershey Company,public_company,brand_owner,global_food_beverage_parent,Y,Y,Y,Y,N,reviewed,official_parent_brand_page,SRC_HERSHEY_BRANDS,The Hershey Company — Brands,https://www.thehersheycompany.com/en_us/home/brands.html,2026-04-28,v0.3 parent/brand source harvested from The Hershey Company — Brands; current-chain mapping remains founder-reviewable.,Official AU/NZ source harvesting pending. v0.9 reconciled source name 'Hershey Co.'. v0.9 reconciled source name 'The Hershey Company'.
P0034,"McCormick & Company, Inc.","McCormick & Company, Inc.",public_company,brand_owner,global_food_beverage_parent,Y,Y,N,Y,N,reviewed,official_parent_brand_page,SRC_MCCORMICK_CORP_BRANDS,McCormick Corporation — Brands,https://www.mccormickcorporation.com/brands,2026-04-28,v0.3 parent/brand source harvested from McCormick Corporation — Brands; current-chain mapping remains founder-reviewable.,Official source harvesting pending. v0.9 reconciled source name 'McCormick & Co Inc'.
P0035,"Grupo Bimbo, S.A.B. de C.V.","Grupo Bimbo, S.A.B. de C.V.",public_company,brand_owner,global_food_beverage_parent,Y,Y,Y,Y,N,reviewed,official_parent_brand_page,SRC_GRUPO_BIMBO_BRANDS,Grupo Bimbo — Brands,https://grupobimbo.com/en/brands,2026-04-28,v0.3 parent/brand source harvested from Grupo Bimbo — Brands; current-chain mapping remains founder-reviewable.,"Official source harvesting pending. v0.9 reconciled source name 'Bimbo'. v0.9 reconciled source name 'Grupo Bimbo, S.A.B. de C.V.'."
P0036,Keurig Dr Pepper Inc.,Keurig Dr Pepper Inc.,public_company,brand_owner,global_food_beverage_parent,Y,N,N,N,N,reviewed,official_parent_brand_page,SRC_KDP_BRANDS,Keurig Dr Pepper — Brands,https://www.keurigdrpepper.com/brands/,2026-04-28,v0.3 parent/brand source harvested from Keurig Dr Pepper — Brands; current-chain mapping remains founder-reviewable.,Founder approved KDP/JDE Peet's current-chain review in v0.5; JDE Peet's brand harvest remains a follow-up coverage task.
P0037,Suntory Holdings Limited,Suntory Holdings Limited,private_company,brand_owner,global_food_beverage_parent,Y,Y,N,N,N,reviewed,official_parent_brand_page,SRC_SUNTORY_OCEANIA_BRANDS,Suntory Oceania — Brands,https://www.suntoryoceania.com/brands/,2026-04-28,v0.3 parent/brand source harvested from Suntory Oceania — Brands; current-chain mapping remains founder-reviewable.,Official AU/NZ source harvesting pending.
P0038,"Asahi Group Holdings, Ltd.","Asahi Group Holdings, Ltd.",public_company,brand_owner,global_food_beverage_parent,Y,Y,N,N,N,reviewed,official_parent_brand_page,SRC_ASAHI_BEVERAGES_BRANDS,Asahi Beverages — About/Brands,https://www.asahibeverages.com/about-us,2026-04-28,v0.3 parent/brand source harvested from Asahi Beverages — About/Brands; current-chain mapping remains founder-reviewable.,Official source harvesting pending.
P0039,"Kirin Holdings Company, Limited","Kirin Holdings Company, Limited",public_company,brand_owner,global_food_beverage_parent,Y,Y,N,N,N,reviewed,manual_stewardship,SRC_KIRIN_BRANDS,Kirin non-alcohol shelf relevance seed,https://www.kirinholdings.com/en/,2026-04-28,v0.3 parent/brand source harvested from Kirin non-alcohol shelf relevance seed; current-chain mapping remains founder-reviewable.,Official source harvesting pending.
P0040,Goodman Fielder Pty Limited,Goodman Fielder Pty Limited,private_company,brand_owner,regional_food_beverage_parent,Y,Y,N,N,N,reviewed,official_parent_brand_page,SRC_GOODMAN_FIELDER_BRANDS,Goodman Fielder — Brands,https://goodmanfielder.com/brands/,2026-04-28,v0.3 parent/brand source harvested from Goodman Fielder — Brands; current-chain mapping remains founder-reviewable.,"Consider whether to chain to Wilmar/First Pacific or use operating parent. v0.10 founder decision: chain to Goodman Fielder as operating parent for MVP; Wilmar International treated as ultimate owner note only, not Operational_Entities."
P0041,Simplot Australia Pty Limited,Simplot Australia Pty Limited,private_company,brand_owner,regional_food_beverage_parent,Y,Y,N,N,N,reviewed,official_parent_brand_page,SRC_SIMPLOT_BRANDS,Simplot Australia — Brands,https://simplot.com.au/brands,2026-04-28,v0.3 parent/brand source harvested from Simplot Australia — Brands; current-chain mapping remains founder-reviewable.,Official source harvesting pending.
P0042,Patties Food Group Pty Limited,Patties Food Group Pty Limited,private_company,brand_owner,regional_food_beverage_parent,Y,N,N,N,N,reviewed,official_parent_brand_page,SRC_PATTIES_BRANDS,Patties Food Group — Brands,https://pattiesfoodgroup.com/brands,2026-04-28,v0.3 parent/brand source harvested from Patties Food Group — Brands; current-chain mapping remains founder-reviewable.,Official source harvesting pending.
P0043,The Arnott's Group,The Arnott's Group,private_company,brand_owner,regional_food_beverage_parent,Y,Y,N,N,N,reviewed,official_brand_page,SRC_ARNOTTS_BRANDS,Arnott's — Our Brands,https://www.arnotts.com/,2026-04-28,v0.3 parent/brand source harvested from Arnott's — Our Brands; current-chain mapping remains founder-reviewable.,Official source harvesting pending.
P0044,Dr. August Oetker KG,Dr. August Oetker KG,private_company,brand_owner,global_food_beverage_parent,Y,Y,N,N,N,reviewed,official_brand_page,SRC_OETKER_AU_BRANDS,Dr. Oetker Australia,https://www.oetker.com.au/,2026-04-28,v0.3 parent/brand source harvested from Dr. Oetker Australia; current-chain mapping remains founder-reviewable.,Official source harvesting pending.
P0045,McCain Foods Limited,McCain Foods Limited,private_company,brand_owner,global_food_beverage_parent,Y,Y,N,N,N,reviewed,official_brand_page,SRC_MCCAIN_AU_BRANDS,McCain Australia,https://mccain.com.au/,2026-04-28,v0.3 parent/brand source harvested from McCain Australia; current-chain mapping remains founder-reviewable.,Official source harvesting pending.
P0046,Saputo Inc.,Saputo Inc.,public_company,brand_owner,global_food_beverage_parent,Y,Y,Y,Y,N,reviewed,official_parent_brand_page,SRC_SAPUTO_AU_BRANDS,Saputo Dairy Australia — Consumer Brands,https://www.saputodairyaustralia.com.au/en/our-products/consumer-brands,2026-04-28,v0.3 parent/brand source harvested from Saputo Dairy Australia — Consumer Brands; current-chain mapping remains founder-reviewable.,Official source harvesting pending. v0.9 reconciled source name 'Saputo Inc'. v0.9 reconciled source name 'Saputo Inc.'.
P0047,Wilmar International Limited,Wilmar International Limited,public_company,mixed,global_food_beverage_parent,Y,Y,N,Y,N,reviewed,official_parent_brand_page,SRC_WILMAR_SUGAR_BRANDS,Wilmar Sugar ANZ — Consumer Products,https://www.wilmarsugar-anz.com/what-we-do/consumer-products,2026-04-28,v0.3 parent/brand source harvested from Wilmar Sugar ANZ — Consumer Products; current-chain mapping remains founder-reviewable.,Current operating-chain decisions pending. v0.9 reconciled source name 'Wilmar International Limited'.
P0048,Marks & Spencer plc,Marks & Spencer plc,public_company,retailer,supermarket_retailer_parent,N,N,Y,N,N,reviewed,retailer_own_brand_page,SRC_M_AND_S_FOOD,M&S Food,https://www.marksandspencer.com/food,2026-04-28,v0.3 parent/brand source harvested from M&S Food; current-chain mapping remains founder-reviewable.,May remain seed-only unless imported products encountered. v0.9 reconciled source name 'Marks & Spencer PLC'.
P0049,Waitrose,Waitrose,private_company,retailer,supermarket_retailer_parent,N,N,Y,N,N,reviewed,retailer_own_brand_page,SRC_WAITROSE_DUCHY,Waitrose Duchy Organic,https://www.waitrose.com/ecom/shop/browse/groceries/organic_shop/duchy_organic,2026-04-28,v0.3 parent/brand source harvested from Waitrose Duchy Organic; current-chain mapping remains founder-reviewable.,May remain seed-only unless imported products encountered. v0.9 reconciled source name 'Waitrose'.
P0050,Tesco PLC,Tesco PLC,public_company,retailer,supermarket_retailer_parent,N,N,Y,Y,N,reviewed,retailer_own_brand_page,SRC_TESCO_OWN_LABEL,Tesco own-label product ranges,https://www.tesco.com/shop/en-GB/zone/tesco-finest,2026-04-28,v0.3 parent/brand source harvested from Tesco own-label product ranges; current-chain mapping remains founder-reviewable.,May remain seed-only unless imported products encountered. v0.9 reconciled source name 'Tesco PLC'.
P0051,J Sainsbury plc,J Sainsbury plc,public_company,retailer,supermarket_retailer_parent,N,N,Y,N,N,reviewed,retailer_own_brand_page,SRC_SAINSBURYS_OWN_LABEL,Sainsbury's own-label stewardship seed,https://www.sainsburys.co.uk/,2026-04-28,v0.3 parent/brand source harvested from Sainsbury's own-label stewardship seed; current-chain mapping remains founder-reviewable.,May remain seed-only unless imported products encountered. v0.9 reconciled source name 'J Sainsbury PLC'.
P0052,Ahold Delhaize,Ahold Delhaize,public_company,retailer,supermarket_retailer_parent,N,N,Y,Y,N,reviewed,official_parent_brand_page,SRC_AHOLD_DELHAIZE_BRANDS,Ahold Delhaize — Brands,https://www.aholddelhaize.com/brands/,2026-04-28,v0.3 parent/brand source harvested from Ahold Delhaize — Brands; current-chain mapping remains founder-reviewable.,May remain seed-only unless imported products encountered. v0.9 reconciled source name 'Ahold Delhaize'. v0.9 reconciled source name 'Koninklijke Ahold Delhaize NV'.
P0053,Walmart Inc.,Walmart Inc.,public_company,retailer,supermarket_retailer_parent,N,N,Y,Y,N,reviewed,retailer_own_brand_page,SRC_WALMART_PRIVATE_BRANDS,Walmart private brands stewardship seed,https://www.walmart.com/cp/food/976759,2026-04-28,v0.3 parent/brand source harvested from Walmart private brands stewardship seed; current-chain mapping remains founder-reviewable.,May remain seed-only unless imported products encountered. v0.9 reconciled source name 'Walmart Inc'. v0.9 reconciled source name 'Walmart Inc.'.
P0054,Carrefour S.A.,Carrefour S.A.,public_company,retailer,supermarket_retailer_parent,N,N,Y,Y,N,reviewed,retailer_own_brand_page,SRC_CARREFOUR_BRANDS,Carrefour private-label stewardship seed,https://www.carrefour.com/en/group/food-transition,2026-04-28,v0.3 parent/brand source harvested from Carrefour private-label stewardship seed; current-chain mapping remains founder-reviewable.,May remain seed-only unless imported products encountered. v0.9 reconciled source name 'Carrefour SA.'. v0.9 reconciled source name 'Carrefour SA'.
P0055,Jalna Dairy Foods Pty Ltd,Jalna Dairy Foods Pty Ltd,private_company,brand_owner,regional_food_beverage_parent,Y,N,N,N,Y,reviewed,official_brand_page,SRC_JALNA_SOURCE,Jalna Dairy Foods,https://jalna.com.au/,2026-04-28,v0.3 parent/brand source harvested from Jalna Dairy Foods; current-chain mapping remains founder-reviewable.,Review current ownership/source.
P0056,"Chobani, LLC","Chobani, LLC",private_company,brand_owner,global_food_beverage_parent,Y,N,N,N,Y,reviewed,official_brand_page,SRC_CHOBANI_SOURCE,Chobani Australia,https://www.chobani.com.au/,2026-04-28,v0.3 parent/brand source harvested from Chobani Australia; current-chain mapping remains founder-reviewable.,Review AU operating entity/source.
P0057,Maggie Beer Holdings Limited,Maggie Beer Holdings Limited,public_company,brand_owner,regional_food_beverage_parent,Y,N,N,N,N,reviewed,official_parent_brand_page,SRC_MAGGIE_BEER_HOLDINGS_BRAND,Maggie Beer Holdings — Maggie Beer brand,https://www.maggiebeerholdings.com.au/our-brands/maggie-beer/,2026-04-28,Coles catalogue audit surfaced Maggie Beer; official source confirms Maggie Beer Holdings has 100% equity stake in Maggie Beer.,Promoted from v0.6 Parent Extension Candidate for v0.7 founder review.
P0058,Conga Foods Pty Ltd,Conga Foods Pty Ltd,private_company,brand_owner,regional_food_beverage_parent,Y,N,N,N,N,reviewed,official_brand_page,SRC_VAL_VERDE_CONGA,Val Verde — Privacy & Disclaimer,https://www.discovervalverde.com.au/privacy-disclaimer/,2026-04-28,Coles catalogue audit surfaced Val Verde; source states Conga Foods is brand owner of Val Verde.,Promoted from v0.6 Parent Extension Candidate for v0.7 founder review.
P0059,Ebro Foods S.A.,Ebro Foods S.A.,public_company,brand_owner,global_food_beverage_parent,Y,Y,N,N,N,reviewed,official_parent_brand_page,SRC_EBRO_TILDA,Ebro Foods — Tilda acquisition announcement,https://www.ebrofoods.es/en/news/ebro-foods-buys-the-premium-rice-brand-tilda/,2026-04-28,Coles catalogue audit surfaced Tilda; Ebro Foods announced purchase of Tilda.,Promoted from v0.6 Parent Extension Candidate for v0.7 founder review.
P0060,SPC Global Limited,SPC Global Limited,public_company,brand_owner,regional_food_beverage_parent,Y,N,N,N,N,reviewed,official_parent_brand_page,SRC_SPC_GLOBAL,SPC Global / SPC Australia,https://spcglobalgroup.com/,2026-04-28,Coles canned-meal audit surfaced SPC; SPC Global official source identifies SPC Global as an Australian food and beverage group with SPC within the group.,Promoted from PEC0006 by founder broad sign-off in v0.8.
P0061,PT Indofood Sukses Makmur Tbk,PT Indofood Sukses Makmur Tbk,public_company,brand_owner,global_food_beverage_parent,Y,Y,N,N,N,reviewed,official_brand_page,SRC_INDOMIE_AU,Indomie Australia — About,https://indomie.com.au/about/,2026-04-28,Coles noodle audit surfaced Indomie; Indomie official source states Indomie is produced by Indofood and available in Australia/New Zealand.,Promoted from PEC0007 by founder broad sign-off in v0.8; legal entity/top-owner treatment remains reviewable.
P0062,San Remo Macaroni Company Pty Ltd,San Remo Macaroni Company Pty Ltd,private_company,brand_owner,regional_food_beverage_parent,Y,N,N,N,N,reviewed,official_brand_page,SRC_FANTASTIC_SNACKS,Fantastic Snacks — About,https://fantasticsnacks.com.au/about-us,2026-04-28,Founder exception review approved San Remo ownership of Fantastic Snacks; Fantastic Snacks is treated as 100% owned/subsidiary brand of San Remo Macaroni Company Pty Ltd.,Promoted from PEC0008 by founder broad sign-off in v0.8; San Remo parent treatment remains reviewable. v0.10 founder decision: San Remo ownership approved; source basis includes Fantastic about/privacy pages.
P0063,My Muscle Chef Pty Ltd,My Muscle Chef Pty Ltd,private_company,brand_owner,regional_food_beverage_parent,Y,N,N,N,N,reviewed,official_brand_page,SRC_MY_MUSCLE_CHEF_OFFICIAL,My Muscle Chef — About Us,https://www.mymusclechef.com/about-us,2026-04-28,Coles ready-meals audit surfaced My Muscle Chef; official source confirms the brand/operating business and ready-meal presence.,Promoted from PEC0009 by founder broad sign-off in v0.8; PE/current top-owner treatment remains reviewable. v0.10 founder decision: operating brand/company treatment approved for MVP; no ultimate private-equity top-owner chain required.
P0064,Danish Crown AmbA,Danish Crown AmbA,cooperative,brand_owner,global_food_beverage_parent,N,N,Y,N,N,reviewed,imported_seed,SRC_BBFAW_2024_PARENT_MAPPING_FILE,BBFAW 2024 supermarket parent-brand mapping file,SRC_BBFAW_2024_PARENT_MAPPING_FILE,2026-04-29,Added in v0.9 from seed input 'Danish Crown AmbA'. Current-state ownership requires review before using benchmark brand/alias values as canonical truth.,v0.9 benchmark/UAT reconciliation row; not benchmark scoring attribution.
P0065,Migros-Genossenschafts-Bund,Migros-Genossenschafts-Bund,cooperative,retailer,supermarket_retailer_parent,N,N,Y,N,N,reviewed,imported_seed,SRC_BBFAW_2024_PARENT_MAPPING_FILE,BBFAW 2024 supermarket parent-brand mapping file,SRC_BBFAW_2024_PARENT_MAPPING_FILE,2026-04-29,Added in v0.9 from seed input 'Migros-Genossenschafts-Bund'. Current-state ownership requires review before using benchmark brand/alias values as canonical truth.,v0.9 benchmark/UAT reconciliation row; not benchmark scoring attribution.
P0066,Minerva Foods,Minerva Foods,other,brand_owner,global_food_beverage_parent,N,N,Y,N,N,reviewed,imported_seed,SRC_BBFAW_2024_PARENT_MAPPING_FILE,BBFAW 2024 supermarket parent-brand mapping file,SRC_BBFAW_2024_PARENT_MAPPING_FILE,2026-04-29,Added in v0.9 from seed input 'Minerva Foods'. Current-state ownership requires review before using benchmark brand/alias values as canonical truth.,v0.9 benchmark/UAT reconciliation row; not benchmark scoring attribution.
P0067,Noble Foods,Noble Foods,other,brand_owner,global_food_beverage_parent,N,N,Y,N,N,reviewed,imported_seed,SRC_BBFAW_2024_PARENT_MAPPING_FILE,BBFAW 2024 supermarket parent-brand mapping file,SRC_BBFAW_2024_PARENT_MAPPING_FILE,2026-04-29,Added in v0.9 from seed input 'Noble Foods'. Current-state ownership requires review before using benchmark brand/alias values as canonical truth.,v0.9 benchmark/UAT reconciliation row; not benchmark scoring attribution.
P0068,BRF SA,BRF SA,other,brand_owner,global_food_beverage_parent,N,N,Y,N,N,reviewed,imported_seed,SRC_BBFAW_2024_PARENT_MAPPING_FILE,BBFAW 2024 supermarket parent-brand mapping file,SRC_BBFAW_2024_PARENT_MAPPING_FILE,2026-04-29,Added in v0.9 from seed input 'BRF SA'. Current-state ownership requires review before using benchmark brand/alias values as canonical truth.,v0.9 benchmark/UAT reconciliation row; not benchmark scoring attribution.
P0069,Hilton Food Group,Hilton Food Group,other,brand_owner,global_food_beverage_parent,N,N,Y,N,N,reviewed,imported_seed,SRC_BBFAW_2024_PARENT_MAPPING_FILE,BBFAW 2024 supermarket parent-brand mapping file,SRC_BBFAW_2024_PARENT_MAPPING_FILE,2026-04-29,Added in v0.9 from seed input 'Hilton Food Group'. Current-state ownership requires review before using benchmark brand/alias values as canonical truth.,v0.9 benchmark/UAT reconciliation row; not benchmark scoring attribution.
P0070,Les Mousquetaires,Les Mousquetaires,other,retailer,supermarket_retailer_parent,N,N,Y,N,N,reviewed,imported_seed,SRC_BBFAW_2024_PARENT_MAPPING_FILE,BBFAW 2024 supermarket parent-brand mapping file,SRC_BBFAW_2024_PARENT_MAPPING_FILE,2026-04-29,Added in v0.9 from seed input 'Les Mousquetaires'. Current-state ownership requires review before using benchmark brand/alias values as canonical truth.,v0.9 benchmark/UAT reconciliation row; not benchmark scoring attribution.
P0071,Marfrig Global Foods SA,Marfrig Global Foods SA,other,brand_owner,global_food_beverage_parent,N,N,Y,N,N,reviewed,imported_seed,SRC_BBFAW_2024_PARENT_MAPPING_FILE,BBFAW 2024 supermarket parent-brand mapping file,SRC_BBFAW_2024_PARENT_MAPPING_FILE,2026-04-29,Added in v0.9 from seed input 'Marfrig Global Foods SA'. Current-state ownership requires review before using benchmark brand/alias values as canonical truth.,v0.9 benchmark/UAT reconciliation row; not benchmark scoring attribution.
P0072,Terrena Group.,Terrena Group.,other,brand_owner,global_food_beverage_parent,N,N,Y,N,N,reviewed,imported_seed,SRC_BBFAW_2024_PARENT_MAPPING_FILE,BBFAW 2024 supermarket parent-brand mapping file,SRC_BBFAW_2024_PARENT_MAPPING_FILE,2026-04-29,Added in v0.9 from seed input 'Terrena Group.'. Current-state ownership requires review before using benchmark brand/alias values as canonical truth.,v0.9 benchmark/UAT reconciliation row; not benchmark scoring attribution.
P0073,Wm Morrison Supermarkets PLC.,Wm Morrison Supermarkets PLC.,other,retailer,supermarket_retailer_parent,N,N,Y,N,N,reviewed,imported_seed,SRC_BBFAW_2024_PARENT_MAPPING_FILE,BBFAW 2024 supermarket parent-brand mapping file,SRC_BBFAW_2024_PARENT_MAPPING_FILE,2026-04-29,Added in v0.9 from seed input 'Wm Morrison Supermarkets PLC.'. Current-state ownership requires review before using benchmark brand/alias values as canonical truth.,v0.9 benchmark/UAT reconciliation row; not benchmark scoring attribution.
P0074,The Kroger Co.,The Kroger Co.,other,retailer,supermarket_retailer_parent,N,N,Y,Y,N,reviewed,imported_seed,SRC_BBFAW_2024_PARENT_MAPPING_FILE,BBFAW 2024 supermarket parent-brand mapping file,SRC_BBFAW_2024_PARENT_MAPPING_FILE,2026-04-29,Added in v0.9 from seed input '(The) Kroger Company'. Current-state ownership requires review before using benchmark brand/alias values as canonical truth.,v0.9 benchmark/UAT reconciliation row; not benchmark scoring attribution. v0.9 reconciled source name 'The Kroger Co.'.
P0075,2 Sisters Food Group (Boparan Holdings Ltd),2 Sisters Food Group (Boparan Holdings Ltd),other,brand_owner,global_food_beverage_parent,N,N,Y,N,N,reviewed,imported_seed,SRC_BBFAW_2024_PARENT_MAPPING_FILE,BBFAW 2024 supermarket parent-brand mapping file,SRC_BBFAW_2024_PARENT_MAPPING_FILE,2026-04-29,Added in v0.9 from seed input '2 Sisters Food Group (Boparan Holdings Ltd)'. Current-state ownership requires review before using benchmark brand/alias values as canonical truth.,v0.9 benchmark/UAT reconciliation row; not benchmark scoring attribution.
P0076,Agro Super,Agro Super,other,brand_owner,global_food_beverage_parent,N,N,Y,N,N,reviewed,imported_seed,SRC_BBFAW_2024_PARENT_MAPPING_FILE,BBFAW 2024 supermarket parent-brand mapping file,SRC_BBFAW_2024_PARENT_MAPPING_FILE,2026-04-29,Added in v0.9 from seed input 'Agro Super'. Current-state ownership requires review before using benchmark brand/alias values as canonical truth.,v0.9 benchmark/UAT reconciliation row; not benchmark scoring attribution.
P0077,ALDI Einkauf SE & Co. oHG (ALDI Nord),ALDI Einkauf SE & Co. oHG (ALDI Nord),other,retailer,supermarket_retailer_parent,N,N,Y,N,N,reviewed,imported_seed,SRC_BBFAW_2024_PARENT_MAPPING_FILE,BBFAW 2024 supermarket parent-brand mapping file,SRC_BBFAW_2024_PARENT_MAPPING_FILE,2026-04-29,Added in v0.9 from seed input 'ALDI Einkauf SE & Co. oHG (ALDI Nord)'. Current-state ownership requires review before using benchmark brand/alias values as canonical truth.,v0.9 benchmark/UAT reconciliation row; not benchmark scoring attribution. v0.10 founder decision: ALDI Süd accepted as AU chain treatment; ALDI Nord retained as benchmark seed parent only where relevant.
P0078,Bellis Topco Ltd./Asda,Bellis Topco Ltd./Asda,other,retailer,supermarket_retailer_parent,N,N,Y,N,N,reviewed,imported_seed,SRC_BBFAW_2024_PARENT_MAPPING_FILE,BBFAW 2024 supermarket parent-brand mapping file,SRC_BBFAW_2024_PARENT_MAPPING_FILE,2026-04-29,Added in v0.9 from seed input 'Bellis Topco Ltd./Asda'. Current-state ownership requires review before using benchmark brand/alias values as canonical truth.,v0.9 benchmark/UAT reconciliation row; not benchmark scoring attribution.
P0079,Cargill,Cargill,other,brand_owner,global_food_beverage_parent,N,N,Y,N,N,reviewed,imported_seed,SRC_BBFAW_2024_PARENT_MAPPING_FILE,BBFAW 2024 supermarket parent-brand mapping file,SRC_BBFAW_2024_PARENT_MAPPING_FILE,2026-04-29,Added in v0.9 from seed input 'Cargill'. Current-state ownership requires review before using benchmark brand/alias values as canonical truth.,v0.9 benchmark/UAT reconciliation row; not benchmark scoring attribution.
P0080,Casino Guichard-Perrachon SA,Casino Guichard-Perrachon SA,other,retailer,supermarket_retailer_parent,N,N,Y,N,N,reviewed,imported_seed,SRC_BBFAW_2024_PARENT_MAPPING_FILE,BBFAW 2024 supermarket parent-brand mapping file,SRC_BBFAW_2024_PARENT_MAPPING_FILE,2026-04-29,Added in v0.9 from seed input 'Casino Guichard-Perrachon SA'. Current-state ownership requires review before using benchmark brand/alias values as canonical truth.,v0.9 benchmark/UAT reconciliation row; not benchmark scoring attribution.
P0081,Charoen Pokphand Foods,Charoen Pokphand Foods,other,brand_owner,global_food_beverage_parent,N,N,Y,N,N,reviewed,imported_seed,SRC_BBFAW_2024_PARENT_MAPPING_FILE,BBFAW 2024 supermarket parent-brand mapping file,SRC_BBFAW_2024_PARENT_MAPPING_FILE,2026-04-29,Added in v0.9 from seed input 'Charoen Pokphand Foods'. Current-state ownership requires review before using benchmark brand/alias values as canonical truth.,v0.9 benchmark/UAT reconciliation row; not benchmark scoring attribution.
P0082,Colruyt,Colruyt,other,retailer,supermarket_retailer_parent,N,N,Y,N,N,reviewed,imported_seed,SRC_BBFAW_2024_PARENT_MAPPING_FILE,BBFAW 2024 supermarket parent-brand mapping file,SRC_BBFAW_2024_PARENT_MAPPING_FILE,2026-04-29,Added in v0.9 from seed input 'Colruyt'. Current-state ownership requires review before using benchmark brand/alias values as canonical truth.,v0.9 benchmark/UAT reconciliation row; not benchmark scoring attribution.
P0083,Coop Group (Switzerland)/Coop Genossenschaft,Coop Group (Switzerland)/Coop Genossenschaft,cooperative,retailer,supermarket_retailer_parent,N,N,Y,N,N,reviewed,imported_seed,SRC_BBFAW_2024_PARENT_MAPPING_FILE,BBFAW 2024 supermarket parent-brand mapping file,SRC_BBFAW_2024_PARENT_MAPPING_FILE,2026-04-29,Added in v0.9 from seed input 'Coop Group (Switzerland)/Coop Genossenschaft'. Current-state ownership requires review before using benchmark brand/alias values as canonical truth.,v0.9 benchmark/UAT reconciliation row; not benchmark scoring attribution.
P0084,Cooperativa Central Aurora Alimentos,Cooperativa Central Aurora Alimentos,cooperative,brand_owner,global_food_beverage_parent,N,N,Y,N,N,reviewed,imported_seed,SRC_BBFAW_2024_PARENT_MAPPING_FILE,BBFAW 2024 supermarket parent-brand mapping file,SRC_BBFAW_2024_PARENT_MAPPING_FILE,2026-04-29,Added in v0.9 from seed input 'Cooperativa Central Aurora Alimentos'. Current-state ownership requires review before using benchmark brand/alias values as canonical truth.,v0.9 benchmark/UAT reconciliation row; not benchmark scoring attribution.
P0085,Coopérative U Enseigne,Coopérative U Enseigne,cooperative,retailer,supermarket_retailer_parent,N,N,Y,N,N,reviewed,imported_seed,SRC_BBFAW_2024_PARENT_MAPPING_FILE,BBFAW 2024 supermarket parent-brand mapping file,SRC_BBFAW_2024_PARENT_MAPPING_FILE,2026-04-29,Added in v0.9 from seed input 'Coopérative U Enseigne'. Current-state ownership requires review before using benchmark brand/alias values as canonical truth.,v0.9 benchmark/UAT reconciliation row; not benchmark scoring attribution.
P0086,Cooperl Arc Atlantique,Cooperl Arc Atlantique,cooperative,brand_owner,global_food_beverage_parent,N,N,Y,N,N,reviewed,imported_seed,SRC_BBFAW_2024_PARENT_MAPPING_FILE,BBFAW 2024 supermarket parent-brand mapping file,SRC_BBFAW_2024_PARENT_MAPPING_FILE,2026-04-29,Added in v0.9 from seed input 'Cooperl Arc Atlantique'. Current-state ownership requires review before using benchmark brand/alias values as canonical truth.,v0.9 benchmark/UAT reconciliation row; not benchmark scoring attribution.
P0087,Cremonini SpA,Cremonini SpA,other,brand_owner,global_food_beverage_parent,N,N,Y,N,N,reviewed,imported_seed,SRC_BBFAW_2024_PARENT_MAPPING_FILE,BBFAW 2024 supermarket parent-brand mapping file,SRC_BBFAW_2024_PARENT_MAPPING_FILE,2026-04-29,Added in v0.9 from seed input 'Cremonini SpA'. Current-state ownership requires review before using benchmark brand/alias values as canonical truth.,v0.9 benchmark/UAT reconciliation row; not benchmark scoring attribution.
P0088,E.Leclerc,E.Leclerc,other,retailer,supermarket_retailer_parent,N,N,Y,N,N,reviewed,imported_seed,SRC_BBFAW_2024_PARENT_MAPPING_FILE,BBFAW 2024 supermarket parent-brand mapping file,SRC_BBFAW_2024_PARENT_MAPPING_FILE,2026-04-29,Added in v0.9 from seed input 'E.Leclerc'. Current-state ownership requires review before using benchmark brand/alias values as canonical truth.,v0.9 benchmark/UAT reconciliation row; not benchmark scoring attribution.
P0089,EDEKA Group,EDEKA Group,other,retailer,supermarket_retailer_parent,N,N,Y,N,N,reviewed,imported_seed,SRC_BBFAW_2024_PARENT_MAPPING_FILE,BBFAW 2024 supermarket parent-brand mapping file,SRC_BBFAW_2024_PARENT_MAPPING_FILE,2026-04-29,Added in v0.9 from seed input 'EDEKA Group'. Current-state ownership requires review before using benchmark brand/alias values as canonical truth.,v0.9 benchmark/UAT reconciliation row; not benchmark scoring attribution.
P0090,Elo Group,Elo Group,other,retailer,supermarket_retailer_parent,N,N,Y,N,N,reviewed,imported_seed,SRC_BBFAW_2024_PARENT_MAPPING_FILE,BBFAW 2024 supermarket parent-brand mapping file,SRC_BBFAW_2024_PARENT_MAPPING_FILE,2026-04-29,Added in v0.9 from seed input 'Elo Group'. Current-state ownership requires review before using benchmark brand/alias values as canonical truth.,v0.9 benchmark/UAT reconciliation row; not benchmark scoring attribution.
P0091,Gruppo Veronesi,Gruppo Veronesi,other,brand_owner,global_food_beverage_parent,N,N,Y,N,N,reviewed,imported_seed,SRC_BBFAW_2024_PARENT_MAPPING_FILE,BBFAW 2024 supermarket parent-brand mapping file,SRC_BBFAW_2024_PARENT_MAPPING_FILE,2026-04-29,Added in v0.9 from seed input 'Gruppo Veronesi'. Current-state ownership requires review before using benchmark brand/alias values as canonical truth.,v0.9 benchmark/UAT reconciliation row; not benchmark scoring attribution.
P0092,Hormel Foods Corporation,Hormel Foods Corporation,other,brand_owner,global_food_beverage_parent,N,N,Y,Y,N,reviewed,imported_seed,SRC_BBFAW_2024_PARENT_MAPPING_FILE,BBFAW 2024 supermarket parent-brand mapping file,SRC_BBFAW_2024_PARENT_MAPPING_FILE,2026-04-29,Added in v0.9 from seed input 'Hormel Foods Corporation'. Current-state ownership requires review before using benchmark brand/alias values as canonical truth.,v0.9 benchmark/UAT reconciliation row; not benchmark scoring attribution. v0.9 reconciled source name 'Hormel Foods Corporation'.
P0093,ICA Gruppen AB,ICA Gruppen AB,other,retailer,supermarket_retailer_parent,N,N,Y,N,N,reviewed,imported_seed,SRC_BBFAW_2024_PARENT_MAPPING_FILE,BBFAW 2024 supermarket parent-brand mapping file,SRC_BBFAW_2024_PARENT_MAPPING_FILE,2026-04-29,Added in v0.9 from seed input 'ICA Gruppen AB'. Current-state ownership requires review before using benchmark brand/alias values as canonical truth.,v0.9 benchmark/UAT reconciliation row; not benchmark scoring attribution.
P0094,Jeronimo Martins,Jeronimo Martins,other,retailer,supermarket_retailer_parent,N,N,Y,N,N,reviewed,imported_seed,SRC_BBFAW_2024_PARENT_MAPPING_FILE,BBFAW 2024 supermarket parent-brand mapping file,SRC_BBFAW_2024_PARENT_MAPPING_FILE,2026-04-29,Added in v0.9 from seed input 'Jeronimo Martins'. Current-state ownership requires review before using benchmark brand/alias values as canonical truth.,v0.9 benchmark/UAT reconciliation row; not benchmark scoring attribution.
P0095,METRO AG,METRO AG,other,retailer,supermarket_retailer_parent,N,N,Y,N,N,reviewed,imported_seed,SRC_BBFAW_2024_PARENT_MAPPING_FILE,BBFAW 2024 supermarket parent-brand mapping file,SRC_BBFAW_2024_PARENT_MAPPING_FILE,2026-04-29,Added in v0.9 from seed input 'METRO AG'. Current-state ownership requires review before using benchmark brand/alias values as canonical truth.,v0.9 benchmark/UAT reconciliation row; not benchmark scoring attribution.
P0096,Metro Inc.,Metro Inc.,other,retailer,supermarket_retailer_parent,N,N,Y,Y,N,reviewed,imported_seed,SRC_BBFAW_2024_PARENT_MAPPING_FILE,BBFAW 2024 supermarket parent-brand mapping file,SRC_BBFAW_2024_PARENT_MAPPING_FILE,2026-04-29,Added in v0.9 from seed input 'Metro Inc'. Current-state ownership requires review before using benchmark brand/alias values as canonical truth.,v0.9 benchmark/UAT reconciliation row; not benchmark scoring attribution. v0.9 reconciled source name 'Metro Inc.'.
P0097,Mowi ASA,Mowi ASA,other,brand_owner,global_food_beverage_parent,N,N,Y,Y,N,reviewed,imported_seed,SRC_BBFAW_2024_PARENT_MAPPING_FILE,BBFAW 2024 supermarket parent-brand mapping file,SRC_BBFAW_2024_PARENT_MAPPING_FILE,2026-04-29,Added in v0.9 from seed input 'Mowi ASA'. Current-state ownership requires review before using benchmark brand/alias values as canonical truth.,v0.9 benchmark/UAT reconciliation row; not benchmark scoring attribution. v0.9 reconciled source name 'Mowi ASA'.
P0098,Perdue Farms,Perdue Farms,other,brand_owner,global_food_beverage_parent,N,N,Y,N,N,reviewed,imported_seed,SRC_BBFAW_2024_PARENT_MAPPING_FILE,BBFAW 2024 supermarket parent-brand mapping file,SRC_BBFAW_2024_PARENT_MAPPING_FILE,2026-04-29,Added in v0.9 from seed input 'Perdue Farms'. Current-state ownership requires review before using benchmark brand/alias values as canonical truth.,v0.9 benchmark/UAT reconciliation row; not benchmark scoring attribution.
P0099,Plukon Food Group,Plukon Food Group,other,brand_owner,global_food_beverage_parent,N,N,Y,N,N,reviewed,imported_seed,SRC_BBFAW_2024_PARENT_MAPPING_FILE,BBFAW 2024 supermarket parent-brand mapping file,SRC_BBFAW_2024_PARENT_MAPPING_FILE,2026-04-29,Added in v0.9 from seed input 'Plukon Food Group'. Current-state ownership requires review before using benchmark brand/alias values as canonical truth.,v0.9 benchmark/UAT reconciliation row; not benchmark scoring attribution.
P0100,REWE Group,REWE Group,other,retailer,supermarket_retailer_parent,N,N,Y,N,N,reviewed,imported_seed,SRC_BBFAW_2024_PARENT_MAPPING_FILE,BBFAW 2024 supermarket parent-brand mapping file,SRC_BBFAW_2024_PARENT_MAPPING_FILE,2026-04-29,Added in v0.9 from seed input 'REWE Group'. Current-state ownership requires review before using benchmark brand/alias values as canonical truth.,v0.9 benchmark/UAT reconciliation row; not benchmark scoring attribution.
P0101,Royal FrieslandCampina.,Royal FrieslandCampina.,other,brand_owner,global_food_beverage_parent,N,N,Y,N,N,reviewed,imported_seed,SRC_BBFAW_2024_PARENT_MAPPING_FILE,BBFAW 2024 supermarket parent-brand mapping file,SRC_BBFAW_2024_PARENT_MAPPING_FILE,2026-04-29,Added in v0.9 from seed input 'Royal FrieslandCampina.'. Current-state ownership requires review before using benchmark brand/alias values as canonical truth.,v0.9 benchmark/UAT reconciliation row; not benchmark scoring attribution.
P0102,Schwarz Gruppe,Schwarz Gruppe,other,retailer,supermarket_retailer_parent,N,N,Y,N,N,reviewed,imported_seed,SRC_BBFAW_2024_PARENT_MAPPING_FILE,BBFAW 2024 supermarket parent-brand mapping file,SRC_BBFAW_2024_PARENT_MAPPING_FILE,2026-04-29,Added in v0.9 from seed input 'Schwarz Gruppe'. Current-state ownership requires review before using benchmark brand/alias values as canonical truth.,v0.9 benchmark/UAT reconciliation row; not benchmark scoring attribution.
P0103,Tönnies Group,Tönnies Group,other,brand_owner,global_food_beverage_parent,N,N,Y,N,N,reviewed,imported_seed,SRC_BBFAW_2024_PARENT_MAPPING_FILE,BBFAW 2024 supermarket parent-brand mapping file,SRC_BBFAW_2024_PARENT_MAPPING_FILE,2026-04-29,Added in v0.9 from seed input 'Tönnies Group'. Current-state ownership requires review before using benchmark brand/alias values as canonical truth.,v0.9 benchmark/UAT reconciliation row; not benchmark scoring attribution.
P0104,Vion Food Group,Vion Food Group,other,brand_owner,global_food_beverage_parent,N,N,Y,N,N,reviewed,imported_seed,SRC_BBFAW_2024_PARENT_MAPPING_FILE,BBFAW 2024 supermarket parent-brand mapping file,SRC_BBFAW_2024_PARENT_MAPPING_FILE,2026-04-29,Added in v0.9 from seed input 'Vion Food Group'. Current-state ownership requires review before using benchmark brand/alias values as canonical truth.,v0.9 benchmark/UAT reconciliation row; not benchmark scoring attribution.
P0105,Wayne-Sanderson Farms.,Wayne-Sanderson Farms.,other,brand_owner,global_food_beverage_parent,N,N,Y,N,N,reviewed,imported_seed,SRC_BBFAW_2024_PARENT_MAPPING_FILE,BBFAW 2024 supermarket parent-brand mapping file,SRC_BBFAW_2024_PARENT_MAPPING_FILE,2026-04-29,Added in v0.9 from seed input 'Wayne-Sanderson Farms.'. Current-state ownership requires review before using benchmark brand/alias values as canonical truth.,v0.9 benchmark/UAT reconciliation row; not benchmark scoring attribution.
P0106,"Aeon Co., Ltd.","Aeon Co., Ltd.",other,retailer,supermarket_retailer_parent,N,N,Y,Y,N,reviewed,imported_seed,SRC_BBFAW_2024_PARENT_MAPPING_FILE,BBFAW 2024 supermarket parent-brand mapping file,SRC_BBFAW_2024_PARENT_MAPPING_FILE,2026-04-29,Added in v0.9 from seed input 'Aeon Group'. Current-state ownership requires review before using benchmark brand/alias values as canonical truth.,"v0.9 benchmark/UAT reconciliation row; not benchmark scoring attribution. v0.9 reconciled source name 'Aeon Co., Ltd.'."
P0107,Albertsons,Albertsons,other,retailer,supermarket_retailer_parent,N,N,Y,N,N,reviewed,imported_seed,SRC_BBFAW_2024_PARENT_MAPPING_FILE,BBFAW 2024 supermarket parent-brand mapping file,SRC_BBFAW_2024_PARENT_MAPPING_FILE,2026-04-29,Added in v0.9 from seed input 'Albertsons'. Current-state ownership requires review before using benchmark brand/alias values as canonical truth.,v0.9 benchmark/UAT reconciliation row; not benchmark scoring attribution.
P0108,Alimentation Couche-Tard,Alimentation Couche-Tard,other,retailer,supermarket_retailer_parent,N,N,Y,N,N,reviewed,imported_seed,SRC_BBFAW_2024_PARENT_MAPPING_FILE,BBFAW 2024 supermarket parent-brand mapping file,SRC_BBFAW_2024_PARENT_MAPPING_FILE,2026-04-29,Added in v0.9 from seed input 'Alimentation Couche-Tard'. Current-state ownership requires review before using benchmark brand/alias values as canonical truth.,v0.9 benchmark/UAT reconciliation row; not benchmark scoring attribution.
P0109,Amazon/Whole Foods Market,Amazon/Whole Foods Market,other,retailer,supermarket_retailer_parent,N,N,Y,N,N,reviewed,imported_seed,SRC_BBFAW_2024_PARENT_MAPPING_FILE,BBFAW 2024 supermarket parent-brand mapping file,SRC_BBFAW_2024_PARENT_MAPPING_FILE,2026-04-29,Added in v0.9 from seed input 'Amazon/Whole Foods Market'. Current-state ownership requires review before using benchmark brand/alias values as canonical truth.,v0.9 benchmark/UAT reconciliation row; not benchmark scoring attribution.
P0110,BJ’s Wholesale Club Holdings,BJ’s Wholesale Club Holdings,other,retailer,supermarket_retailer_parent,N,N,Y,N,N,reviewed,imported_seed,SRC_BBFAW_2024_PARENT_MAPPING_FILE,BBFAW 2024 supermarket parent-brand mapping file,SRC_BBFAW_2024_PARENT_MAPPING_FILE,2026-04-29,Added in v0.9 from seed input 'BJ’s Wholesale Club Holdings'. Current-state ownership requires review before using benchmark brand/alias values as canonical truth.,v0.9 benchmark/UAT reconciliation row; not benchmark scoring attribution.
P0111,Cencosud,Cencosud,other,retailer,supermarket_retailer_parent,N,N,Y,N,N,reviewed,imported_seed,SRC_BBFAW_2024_PARENT_MAPPING_FILE,BBFAW 2024 supermarket parent-brand mapping file,SRC_BBFAW_2024_PARENT_MAPPING_FILE,2026-04-29,Added in v0.9 from seed input 'Cencosud'. Current-state ownership requires review before using benchmark brand/alias values as canonical truth.,v0.9 benchmark/UAT reconciliation row; not benchmark scoring attribution.
P0112,China Resources Vanguard,China Resources Vanguard,other,retailer,supermarket_retailer_parent,N,N,Y,N,N,reviewed,imported_seed,SRC_BBFAW_2024_PARENT_MAPPING_FILE,BBFAW 2024 supermarket parent-brand mapping file,SRC_BBFAW_2024_PARENT_MAPPING_FILE,2026-04-29,Added in v0.9 from seed input 'China Resources Vanguard'. Current-state ownership requires review before using benchmark brand/alias values as canonical truth.,v0.9 benchmark/UAT reconciliation row; not benchmark scoring attribution.
P0113,China Yurun Group Limited,China Yurun Group Limited,other,brand_owner,global_food_beverage_parent,N,N,Y,N,N,reviewed,imported_seed,SRC_BBFAW_2024_PARENT_MAPPING_FILE,BBFAW 2024 supermarket parent-brand mapping file,SRC_BBFAW_2024_PARENT_MAPPING_FILE,2026-04-29,Added in v0.9 from seed input 'China Yurun Group Limited'. Current-state ownership requires review before using benchmark brand/alias values as canonical truth.,v0.9 benchmark/UAT reconciliation row; not benchmark scoring attribution.
P0114,Conad Consorzio Nazionale,Conad Consorzio Nazionale,other,retailer,supermarket_retailer_parent,N,N,Y,N,N,reviewed,imported_seed,SRC_BBFAW_2024_PARENT_MAPPING_FILE,BBFAW 2024 supermarket parent-brand mapping file,SRC_BBFAW_2024_PARENT_MAPPING_FILE,2026-04-29,Added in v0.9 from seed input 'Conad Consorzio Nazionale'. Current-state ownership requires review before using benchmark brand/alias values as canonical truth.,v0.9 benchmark/UAT reconciliation row; not benchmark scoring attribution.
P0115,Cooke Seafood Inc,Cooke Seafood Inc,other,brand_owner,global_food_beverage_parent,N,N,Y,N,N,reviewed,imported_seed,SRC_BBFAW_2024_PARENT_MAPPING_FILE,BBFAW 2024 supermarket parent-brand mapping file,SRC_BBFAW_2024_PARENT_MAPPING_FILE,2026-04-29,Added in v0.9 from seed input 'Cooke Seafood Inc'. Current-state ownership requires review before using benchmark brand/alias values as canonical truth.,v0.9 benchmark/UAT reconciliation row; not benchmark scoring attribution.
P0116,Dairy Farmers of America,Dairy Farmers of America,other,brand_owner,global_food_beverage_parent,N,N,Y,N,N,reviewed,imported_seed,SRC_BBFAW_2024_PARENT_MAPPING_FILE,BBFAW 2024 supermarket parent-brand mapping file,SRC_BBFAW_2024_PARENT_MAPPING_FILE,2026-04-29,Added in v0.9 from seed input 'Dairy Farmers of America'. Current-state ownership requires review before using benchmark brand/alias values as canonical truth.,v0.9 benchmark/UAT reconciliation row; not benchmark scoring attribution.
P0117,Dino Polska SA,Dino Polska SA,other,retailer,supermarket_retailer_parent,N,N,Y,N,N,reviewed,imported_seed,SRC_BBFAW_2024_PARENT_MAPPING_FILE,BBFAW 2024 supermarket parent-brand mapping file,SRC_BBFAW_2024_PARENT_MAPPING_FILE,2026-04-29,Added in v0.9 from seed input 'Dino Polska SA'. Current-state ownership requires review before using benchmark brand/alias values as canonical truth.,v0.9 benchmark/UAT reconciliation row; not benchmark scoring attribution.
P0118,Empire Company/Sobey’s,Empire Company/Sobey’s,other,retailer,supermarket_retailer_parent,N,N,Y,N,N,reviewed,imported_seed,SRC_BBFAW_2024_PARENT_MAPPING_FILE,BBFAW 2024 supermarket parent-brand mapping file,SRC_BBFAW_2024_PARENT_MAPPING_FILE,2026-04-29,Added in v0.9 from seed input 'Empire Company/Sobey’s'. Current-state ownership requires review before using benchmark brand/alias values as canonical truth.,v0.9 benchmark/UAT reconciliation row; not benchmark scoring attribution.
P0119,H E Butt Company,H E Butt Company,other,retailer,supermarket_retailer_parent,N,N,Y,N,N,reviewed,imported_seed,SRC_BBFAW_2024_PARENT_MAPPING_FILE,BBFAW 2024 supermarket parent-brand mapping file,SRC_BBFAW_2024_PARENT_MAPPING_FILE,2026-04-29,Added in v0.9 from seed input 'H E Butt Company'. Current-state ownership requires review before using benchmark brand/alias values as canonical truth.,v0.9 benchmark/UAT reconciliation row; not benchmark scoring attribution.
P0120,Industrias Bachoco,Industrias Bachoco,other,brand_owner,global_food_beverage_parent,N,N,Y,N,N,reviewed,imported_seed,SRC_BBFAW_2024_PARENT_MAPPING_FILE,BBFAW 2024 supermarket parent-brand mapping file,SRC_BBFAW_2024_PARENT_MAPPING_FILE,2026-04-29,Added in v0.9 from seed input 'Industrias Bachoco'. Current-state ownership requires review before using benchmark brand/alias values as canonical truth.,v0.9 benchmark/UAT reconciliation row; not benchmark scoring attribution.
P0121,JAB Holding Company,JAB Holding Company,other,brand_owner,global_food_beverage_parent,N,N,Y,N,N,reviewed,imported_seed,SRC_BBFAW_2024_PARENT_MAPPING_FILE,BBFAW 2024 supermarket parent-brand mapping file,SRC_BBFAW_2024_PARENT_MAPPING_FILE,2026-04-29,Added in v0.9 from seed input 'JAB Holding Company'. Current-state ownership requires review before using benchmark brand/alias values as canonical truth.,v0.9 benchmark/UAT reconciliation row; not benchmark scoring attribution.
P0122,Lianhua Supermarket Holdings Co,Lianhua Supermarket Holdings Co,other,retailer,supermarket_retailer_parent,N,N,Y,N,N,reviewed,imported_seed,SRC_BBFAW_2024_PARENT_MAPPING_FILE,BBFAW 2024 supermarket parent-brand mapping file,SRC_BBFAW_2024_PARENT_MAPPING_FILE,2026-04-29,Added in v0.9 from seed input 'Lianhua Supermarket Holdings Co'. Current-state ownership requires review before using benchmark brand/alias values as canonical truth.,v0.9 benchmark/UAT reconciliation row; not benchmark scoring attribution.
P0123,Loblaw Companies Limited,Loblaw Companies Limited,other,retailer,supermarket_retailer_parent,N,N,Y,Y,N,reviewed,imported_seed,SRC_BBFAW_2024_PARENT_MAPPING_FILE,BBFAW 2024 supermarket parent-brand mapping file,SRC_BBFAW_2024_PARENT_MAPPING_FILE,2026-04-29,Added in v0.9 from seed input 'Loblaw Companies Limited'. Current-state ownership requires review before using benchmark brand/alias values as canonical truth.,v0.9 benchmark/UAT reconciliation row; not benchmark scoring attribution. v0.9 reconciled source name 'Loblaw Companies Limited'.
P0124,Maruha Nichiro,Maruha Nichiro,other,brand_owner,global_food_beverage_parent,N,N,Y,N,N,reviewed,imported_seed,SRC_BBFAW_2024_PARENT_MAPPING_FILE,BBFAW 2024 supermarket parent-brand mapping file,SRC_BBFAW_2024_PARENT_MAPPING_FILE,2026-04-29,Added in v0.9 from seed input 'Maruha Nichiro'. Current-state ownership requires review before using benchmark brand/alias values as canonical truth.,v0.9 benchmark/UAT reconciliation row; not benchmark scoring attribution.
P0125,Meiji Holdings,Meiji Holdings,other,brand_owner,global_food_beverage_parent,N,N,Y,N,N,reviewed,imported_seed,SRC_BBFAW_2024_PARENT_MAPPING_FILE,BBFAW 2024 supermarket parent-brand mapping file,SRC_BBFAW_2024_PARENT_MAPPING_FILE,2026-04-29,Added in v0.9 from seed input 'Meiji Holdings'. Current-state ownership requires review before using benchmark brand/alias values as canonical truth.,v0.9 benchmark/UAT reconciliation row; not benchmark scoring attribution.
P0126,Mercadona SA,Mercadona SA,other,retailer,supermarket_retailer_parent,N,N,Y,N,N,reviewed,imported_seed,SRC_BBFAW_2024_PARENT_MAPPING_FILE,BBFAW 2024 supermarket parent-brand mapping file,SRC_BBFAW_2024_PARENT_MAPPING_FILE,2026-04-29,Added in v0.9 from seed input 'Mercadona SA'. Current-state ownership requires review before using benchmark brand/alias values as canonical truth.,v0.9 benchmark/UAT reconciliation row; not benchmark scoring attribution.
P0127,Müller UTM,Müller UTM,other,brand_owner,global_food_beverage_parent,N,N,Y,N,N,reviewed,imported_seed,SRC_BBFAW_2024_PARENT_MAPPING_FILE,BBFAW 2024 supermarket parent-brand mapping file,SRC_BBFAW_2024_PARENT_MAPPING_FILE,2026-04-29,Added in v0.9 from seed input 'Müller UTM'. Current-state ownership requires review before using benchmark brand/alias values as canonical truth.,v0.9 benchmark/UAT reconciliation row; not benchmark scoring attribution.
P0128,New Hope Liuhe Co Ltd,New Hope Liuhe Co Ltd,other,brand_owner,global_food_beverage_parent,N,N,Y,N,N,reviewed,imported_seed,SRC_BBFAW_2024_PARENT_MAPPING_FILE,BBFAW 2024 supermarket parent-brand mapping file,SRC_BBFAW_2024_PARENT_MAPPING_FILE,2026-04-29,Added in v0.9 from seed input 'New Hope Liuhe Co Ltd'. Current-state ownership requires review before using benchmark brand/alias values as canonical truth.,v0.9 benchmark/UAT reconciliation row; not benchmark scoring attribution.
P0129,Nippon Ham,Nippon Ham,other,brand_owner,global_food_beverage_parent,N,N,Y,N,N,reviewed,imported_seed,SRC_BBFAW_2024_PARENT_MAPPING_FILE,BBFAW 2024 supermarket parent-brand mapping file,SRC_BBFAW_2024_PARENT_MAPPING_FILE,2026-04-29,Added in v0.9 from seed input 'Nippon Ham'. Current-state ownership requires review before using benchmark brand/alias values as canonical truth.,v0.9 benchmark/UAT reconciliation row; not benchmark scoring attribution.
P0130,Publix Super Markets Inc,Publix Super Markets Inc,other,retailer,supermarket_retailer_parent,N,N,Y,N,N,reviewed,imported_seed,SRC_BBFAW_2024_PARENT_MAPPING_FILE,BBFAW 2024 supermarket parent-brand mapping file,SRC_BBFAW_2024_PARENT_MAPPING_FILE,2026-04-29,Added in v0.9 from seed input 'Publix Super Markets Inc'. Current-state ownership requires review before using benchmark brand/alias values as canonical truth.,v0.9 benchmark/UAT reconciliation row; not benchmark scoring attribution.
P0131,"Seven & i Holdings Co., Ltd.","Seven & i Holdings Co., Ltd.",other,retailer,supermarket_retailer_parent,N,N,Y,Y,N,reviewed,imported_seed,SRC_BBFAW_2024_PARENT_MAPPING_FILE,BBFAW 2024 supermarket parent-brand mapping file,SRC_BBFAW_2024_PARENT_MAPPING_FILE,2026-04-29,Added in v0.9 from seed input 'Seven & i Holdings'. Current-state ownership requires review before using benchmark brand/alias values as canonical truth.,v0.9 benchmark/UAT reconciliation row; not benchmark scoring attribution. v0.9 reconciled source name 'Seven & i Holdings Co Ltd'.
P0132,Spar Holding AG,Spar Holding AG,other,retailer,supermarket_retailer_parent,N,N,Y,N,N,reviewed,imported_seed,SRC_BBFAW_2024_PARENT_MAPPING_FILE,BBFAW 2024 supermarket parent-brand mapping file,SRC_BBFAW_2024_PARENT_MAPPING_FILE,2026-04-29,Added in v0.9 from seed input 'Spar Holding AG'. Current-state ownership requires review before using benchmark brand/alias values as canonical truth.,v0.9 benchmark/UAT reconciliation row; not benchmark scoring attribution.
P0133,Target Corporation,Target Corporation,other,retailer,supermarket_retailer_parent,N,N,Y,N,N,reviewed,imported_seed,SRC_BBFAW_2024_PARENT_MAPPING_FILE,BBFAW 2024 supermarket parent-brand mapping file,SRC_BBFAW_2024_PARENT_MAPPING_FILE,2026-04-29,Added in v0.9 from seed input 'Target Corporation'. Current-state ownership requires review before using benchmark brand/alias values as canonical truth.,v0.9 benchmark/UAT reconciliation row; not benchmark scoring attribution.
P0134,Wens Foodstuff Group,Wens Foodstuff Group,other,brand_owner,global_food_beverage_parent,N,N,Y,N,N,reviewed,imported_seed,SRC_BBFAW_2024_PARENT_MAPPING_FILE,BBFAW 2024 supermarket parent-brand mapping file,SRC_BBFAW_2024_PARENT_MAPPING_FILE,2026-04-29,Added in v0.9 from seed input 'Wens Foodstuff Group'. Current-state ownership requires review before using benchmark brand/alias values as canonical truth.,v0.9 benchmark/UAT reconciliation row; not benchmark scoring attribution.
P0135,WH Group Limited,WH Group Limited,other,brand_owner,global_food_beverage_parent,N,N,Y,Y,N,reviewed,imported_seed,SRC_BBFAW_2024_PARENT_MAPPING_FILE,BBFAW 2024 supermarket parent-brand mapping file,SRC_BBFAW_2024_PARENT_MAPPING_FILE,2026-04-29,Added in v0.9 from seed input 'WH Group Ltd'. Current-state ownership requires review before using benchmark brand/alias values as canonical truth.,v0.9 benchmark/UAT reconciliation row; not benchmark scoring attribution. v0.9 reconciled source name 'WH Group Limited'.
P0136,"Inner Mongolia Yili Industrial Group Co., Ltd","Inner Mongolia Yili Industrial Group Co., Ltd",other,brand_owner,global_food_beverage_parent,N,N,Y,Y,N,reviewed,imported_seed,SRC_BBFAW_2024_PARENT_MAPPING_FILE,BBFAW 2024 supermarket parent-brand mapping file,SRC_BBFAW_2024_PARENT_MAPPING_FILE,2026-04-29,Added in v0.9 from seed input 'Yili Group'. Current-state ownership requires review before using benchmark brand/alias values as canonical truth.,"v0.9 benchmark/UAT reconciliation row; not benchmark scoring attribution. v0.9 reconciled source name 'Inner Mongolia Yili Industrial Group Co., Ltd'."
P0137,Yonghui Superstores Co Ltd,Yonghui Superstores Co Ltd,other,retailer,supermarket_retailer_parent,N,N,Y,N,N,reviewed,imported_seed,SRC_BBFAW_2024_PARENT_MAPPING_FILE,BBFAW 2024 supermarket parent-brand mapping file,SRC_BBFAW_2024_PARENT_MAPPING_FILE,2026-04-29,Added in v0.9 from seed input 'Yonghui Superstores Co Ltd'. Current-state ownership requires review before using benchmark brand/alias values as canonical truth.,v0.9 benchmark/UAT reconciliation row; not benchmark scoring attribution.
P0138,Zhongpin Inc (Huayu Holdings),Zhongpin Inc (Huayu Holdings),other,brand_owner,global_food_beverage_parent,N,N,Y,N,N,reviewed,imported_seed,SRC_BBFAW_2024_PARENT_MAPPING_FILE,BBFAW 2024 supermarket parent-brand mapping file,SRC_BBFAW_2024_PARENT_MAPPING_FILE,2026-04-29,Added in v0.9 from seed input 'Zhongpin Inc (Huayu Holdings)'. Current-state ownership requires review before using benchmark brand/alias values as canonical truth.,v0.9 benchmark/UAT reconciliation row; not benchmark scoring attribution.
P0139,"Ajinomoto Co., Inc.","Ajinomoto Co., Inc.",other,brand_owner,global_food_beverage_parent,N,N,N,Y,N,reviewed,imported_seed,SRC_KTC_2026_PARENT_MAPPING_FILE,KTC 2026 parent-brand-alias mapping file,SRC_KTC_2026_PARENT_MAPPING_FILE,2026-04-29,"Added in v0.9 from seed input 'Ajinomoto Co., Inc.'. Current-state ownership requires review before using benchmark brand/alias values as canonical truth.",v0.9 benchmark/UAT reconciliation row; not benchmark scoring attribution.
P0140,China Mengniu Dairy Co Ltd,China Mengniu Dairy Co Ltd,other,brand_owner,global_food_beverage_parent,N,N,N,Y,N,reviewed,imported_seed,SRC_KTC_2026_PARENT_MAPPING_FILE,KTC 2026 parent-brand-alias mapping file,SRC_KTC_2026_PARENT_MAPPING_FILE,2026-04-29,Added in v0.9 from seed input 'China Mengniu Dairy Co Ltd'. Current-state ownership requires review before using benchmark brand/alias values as canonical truth.,v0.9 benchmark/UAT reconciliation row; not benchmark scoring attribution.
P0141,Chocoladefabriken Lindt & Sprüngli AG,Chocoladefabriken Lindt & Sprüngli AG,other,brand_owner,global_food_beverage_parent,N,N,N,Y,N,reviewed,imported_seed,SRC_KTC_2026_PARENT_MAPPING_FILE,KTC 2026 parent-brand-alias mapping file,SRC_KTC_2026_PARENT_MAPPING_FILE,2026-04-29,Added in v0.9 from seed input 'Chocoladefabriken Lindt & Sprüngli AG'. Current-state ownership requires review before using benchmark brand/alias values as canonical truth.,v0.9 benchmark/UAT reconciliation row; not benchmark scoring attribution.
P0142,"Conagra Brands, Inc.","Conagra Brands, Inc.",other,brand_owner,global_food_beverage_parent,N,N,N,Y,N,reviewed,imported_seed,SRC_KTC_2026_PARENT_MAPPING_FILE,KTC 2026 parent-brand-alias mapping file,SRC_KTC_2026_PARENT_MAPPING_FILE,2026-04-29,"Added in v0.9 from seed input 'Conagra Brands, Inc.'. Current-state ownership requires review before using benchmark brand/alias values as canonical truth.",v0.9 benchmark/UAT reconciliation row; not benchmark scoring attribution.
P0143,Danone,Danone,other,brand_owner,global_food_beverage_parent,N,N,N,Y,N,reviewed,imported_seed,SRC_KTC_2026_PARENT_MAPPING_FILE,KTC 2026 parent-brand-alias mapping file,SRC_KTC_2026_PARENT_MAPPING_FILE,2026-04-29,Added in v0.9 from seed input 'Danone'. Current-state ownership requires review before using benchmark brand/alias values as canonical truth.,v0.9 benchmark/UAT reconciliation row; not benchmark scoring attribution.
P0144,Empire Company Limited,Empire Company Limited,other,retailer,supermarket_retailer_parent,N,N,N,Y,N,reviewed,imported_seed,SRC_KTC_2026_PARENT_MAPPING_FILE,KTC 2026 parent-brand-alias mapping file,SRC_KTC_2026_PARENT_MAPPING_FILE,2026-04-29,Added in v0.9 from seed input 'Empire Co. Ltd.'. Current-state ownership requires review before using benchmark brand/alias values as canonical truth.,v0.9 benchmark/UAT reconciliation row; not benchmark scoring attribution.
P0145,Foshan Haitian Flavouring and Food Co Ltd,Foshan Haitian Flavouring and Food Co Ltd,other,brand_owner,global_food_beverage_parent,N,N,N,Y,N,reviewed,imported_seed,SRC_KTC_2026_PARENT_MAPPING_FILE,KTC 2026 parent-brand-alias mapping file,SRC_KTC_2026_PARENT_MAPPING_FILE,2026-04-29,Added in v0.9 from seed input 'Foshan Haitian Flavouring and Food Co Ltd'. Current-state ownership requires review before using benchmark brand/alias values as canonical truth.,v0.9 benchmark/UAT reconciliation row; not benchmark scoring attribution.
P0146,Kikkoman Corporation,Kikkoman Corporation,other,brand_owner,global_food_beverage_parent,Y,N,N,Y,Y,reviewed,imported_seed,SRC_KTC_2026_PARENT_MAPPING_FILE,KTC 2026 parent-brand-alias mapping file,SRC_KTC_2026_PARENT_MAPPING_FILE,2026-04-29,Added in v0.9 from seed input 'Kikkoman Corp'. Current-state ownership requires review before using benchmark brand/alias values as canonical truth.,v0.9 benchmark/UAT reconciliation row; not benchmark scoring attribution. v0.9 UAT-led promotion/reconciliation.
P0147,"Meiji Holdings Co., Ltd.","Meiji Holdings Co., Ltd.",other,brand_owner,global_food_beverage_parent,N,N,N,Y,N,reviewed,imported_seed,SRC_KTC_2026_PARENT_MAPPING_FILE,KTC 2026 parent-brand-alias mapping file,SRC_KTC_2026_PARENT_MAPPING_FILE,2026-04-29,"Added in v0.9 from seed input 'Meiji Holdings Co., Ltd.'. Current-state ownership requires review before using benchmark brand/alias values as canonical truth.",v0.9 benchmark/UAT reconciliation row; not benchmark scoring attribution.
P0148,The J. M. Smucker Company,The J. M. Smucker Company,other,brand_owner,global_food_beverage_parent,N,N,N,Y,N,reviewed,imported_seed,SRC_KTC_2026_PARENT_MAPPING_FILE,KTC 2026 parent-brand-alias mapping file,SRC_KTC_2026_PARENT_MAPPING_FILE,2026-04-29,Added in v0.9 from seed input 'The J. M. Smucker Company'. Current-state ownership requires review before using benchmark brand/alias values as canonical truth.,v0.9 benchmark/UAT reconciliation row; not benchmark scoring attribution.
P0149,Want Want China Holdings Limited,Want Want China Holdings Limited,other,brand_owner,global_food_beverage_parent,N,N,N,Y,N,reviewed,imported_seed,SRC_KTC_2026_PARENT_MAPPING_FILE,KTC 2026 parent-brand-alias mapping file,SRC_KTC_2026_PARENT_MAPPING_FILE,2026-04-29,Added in v0.9 from seed input 'Want Want China Holdings Limited'. Current-state ownership requires review before using benchmark brand/alias values as canonical truth.,v0.9 benchmark/UAT reconciliation row; not benchmark scoring attribution.
P0150,"Yakult Honsha Co., Ltd.","Yakult Honsha Co., Ltd.",other,brand_owner,global_food_beverage_parent,Y,N,N,Y,Y,reviewed,imported_seed,SRC_KTC_2026_PARENT_MAPPING_FILE,KTC 2026 parent-brand-alias mapping file,SRC_KTC_2026_PARENT_MAPPING_FILE,2026-04-29,"Added in v0.9 from seed input 'Yakult Honsha Co.,Ltd.'. Current-state ownership requires review before using benchmark brand/alias values as canonical truth.",v0.9 benchmark/UAT reconciliation row; not benchmark scoring attribution. v0.9 UAT-led promotion/reconciliation.
P0151,Norco Co-operative Limited,Norco Co-operative Limited,cooperative,manufacturer,regional_food_beverage_parent,Y,N,N,N,Y,reviewed,official_brand_page,SRC_NORCO_OFFICIAL,Norco official site,https://norcofoods.com.au/,2026-04-29,Strong UAT AU food/drink candidate promoted in v0.9; Norco observed in MaG_UAT_AU_Test_Pack.,v0.9 UAT-led parent promotion; not exhaustive UAT coverage.
P0152,Red Bull GmbH,Red Bull GmbH,private_company,brand_owner,global_food_beverage_parent,Y,N,N,N,Y,reviewed,official_brand_page,SRC_REDBULL_AU,Red Bull Australia energy drink page,https://www.redbull.com/au-en/energydrink,2026-04-29,Strong UAT AU food/drink candidate promoted in v0.9; Red Bull observed in MaG_UAT_AU_Test_Pack.,v0.9 UAT-led parent promotion; not exhaustive UAT coverage.
P0153,Vitasoy International Holdings Limited,Vitasoy International Holdings Limited,public_company,brand_owner,global_food_beverage_parent,Y,N,N,N,Y,reviewed,official_brand_page,SRC_VITASOY_AU,Vitasoy Australia official site,https://soy.com.au/,2026-04-29,Strong UAT AU food/drink candidate promoted in v0.9; Vitasoy observed in MaG_UAT_AU_Test_Pack.,v0.9 UAT-led parent promotion; not exhaustive UAT coverage.
P0154,Hive + Wellness Australia Pty Ltd,Hive + Wellness Australia Pty Ltd,private_company,brand_owner,regional_food_beverage_parent,Y,N,N,N,Y,reviewed,official_brand_page,SRC_HIVE_WELLNESS_BRANDS,Hive + Wellness Australia brands page,https://hiveandwellness.com/brands/,2026-04-29,Strong UAT AU food/drink candidate promoted in v0.9; Capilano observed in MaG_UAT_AU_Test_Pack.,v0.9 UAT-led parent promotion; not exhaustive UAT coverage.
P0155,Ward McKenzie Pty Ltd,Ward McKenzie Pty Ltd,private_company,brand_owner,regional_food_beverage_parent,Y,N,N,N,Y,reviewed,official_brand_page,SRC_MCKENZIES_FOODS,McKenzie's Foods official site,https://www.mckenziesfoods.com.au/,2026-04-29,Strong UAT AU food/drink candidate promoted in v0.9; McKenzie's observed in MaG_UAT_AU_Test_Pack.,v0.9 UAT-led parent promotion; not exhaustive UAT coverage.
P0156,Intersnack Group GmbH & Co. KG,Intersnack Group GmbH & Co. KG,private_company,brand_owner,global_food_beverage_parent,Y,N,N,N,Y,reviewed,official_parent_brand_page,SRC_INTERSNACK_BRANDS,Intersnack Group — Brands Overview,https://www.intersnackgroup.com/brands/overview,2026-04-29,Founder exception review approved Kettle as owned by Intersnack Group GmbH & Co. KG; Snackbrands Australia captured as local entity context.,Added in v0.10 from founder exception review; Kettle ownership corrected from UAT candidate.
P0159,Monster Beverage Corporation,Monster Beverage Corporation,public_company,brand_owner,global_food_beverage_parent,Y,Y,N,N,N,reviewed,official_parent_brand_page,SRC_CHAINING_REFRESH_20260816,Monster Beverage Corporation,https://www.monsterbevcorp.com/,2026-08-16,AU/NZ Monster consumer brand owner; Coca-Cola remains distribution/operational context only.,Added in wave1-v0.15 chaining refresh.
P0160,Froneri International Limited,Froneri International Limited,private_company,brand_owner,global_food_beverage_parent,Y,Y,N,N,N,reviewed,official_parent_brand_page,SRC_CHAINING_REFRESH_20260816,Froneri,https://www.froneri.com/,2026-08-16,"Current owner for Peters, Tip Top Ice Cream, New Zealand Natural. JV shareholders not modelled as dual owners.",Added in wave1-v0.15 chaining refresh.
P0161,JDE Peet's N.V.,JDE Peet's N.V.,public_company,brand_owner,global_food_beverage_parent,Y,Y,N,N,N,reviewed,official_parent_brand_page,SRC_CHAINING_REFRESH_20260816,JDE Peet's,https://www.jdepeets.com/,2026-08-16,AU/NZ current-chain refresh 20260816 from founder governed Chaining instruction; runtime consumes review_state=reviewed only.,Added in wave1-v0.15 chaining refresh.
P0162,"Sunkist Growers, Inc.","Sunkist Growers, Inc.",cooperative,brand_owner,global_food_beverage_parent,Y,Y,N,N,N,reviewed,official_parent_brand_page,SRC_CHAINING_REFRESH_20260816,Sunkist Growers,https://www.sunkist.com/,2026-08-16,Sunkist consumer-brand owner. Asahi/KDP mappings are not current AU/NZ ownership.,Added in wave1-v0.15 chaining refresh.
P0163,Open Country Dairy Limited,Open Country Dairy Limited,private_company,brand_owner,regional_food_beverage_parent,N,Y,N,N,N,reviewed,official_parent_brand_page,SRC_CHAINING_REFRESH_20260816,Open Country Dairy,https://www.opencountry.co.nz/,2026-08-16,"Talley-owned dairy business; brands Deep South and Motueka Creamery sit under this entity, not as Talley Group consumer-brand siblings without the edge.",Added in wave1-v0.15 chaining refresh.
P0164,George Weston Foods Limited,George Weston Foods Limited,private_company,brand_owner,regional_food_beverage_parent,Y,Y,N,N,N,reviewed,official_parent_brand_page,SRC_CHAINING_REFRESH_20260816,George Weston Foods,https://www.gwf.com.au/,2026-08-16,ABF-owned AU operating company for Tip Top Bakery / DON / Jarrah / KR Castlemaine. Not a dual owner with ABF.,Added in wave1-v0.15 chaining refresh.
