control_row_id,parent_id,canonical_parent_name,parent_cohort_category,au_shelf_priority_y_n,nz_shelf_priority_y_n,bbfaw_seed_asset_member_y_n,ktc_seed_asset_member_y_n,core_uat_asset_member_y_n,official_parent_brand_source_harvested_y_n,source_status,brand_population_status,alias_population_status,gtin_link_status,review_state,gap_status,next_population_action,notes_internal
CTRL0001,P0001,Woolworths Group Limited,supermarket_retailer_parent,Y,Y,Y,Y,N,Y,source_fields_present,brand_rows_present,alias_rows_present,reserved_post_mvp_not_coverage_strategy,reviewed,none,founder signed-off in v0.10; no further expansion before scaffold validation unless fatal flaw,AU/NZ shelf priority columns are review/prioritisation metadata only; they do not drive app behaviour. v0.10 founder sign-off: seeded chaining accepted subject to explicit candidate/gap queues.
CTRL0002,P0002,Coles Group Limited,supermarket_retailer_parent,Y,N,Y,Y,N,Y,source_fields_present,brand_rows_present,alias_rows_present,reserved_post_mvp_not_coverage_strategy,reviewed,none,founder signed-off in v0.10; no further expansion before scaffold validation unless fatal flaw,AU/NZ shelf priority columns are review/prioritisation metadata only; they do not drive app behaviour. v0.10 founder sign-off: seeded chaining accepted subject to explicit candidate/gap queues.
CTRL0003,P0003,Foodstuffs New Zealand,supermarket_retailer_parent,N,Y,N,N,N,Y,source_fields_present,brand_rows_present,alias_rows_present,reserved_post_mvp_not_coverage_strategy,reviewed,none,founder signed-off in v0.10; no further expansion before scaffold validation unless fatal flaw,AU/NZ shelf priority columns are review/prioritisation metadata only; they do not drive app behaviour. v0.10 founder sign-off: seeded chaining accepted subject to explicit candidate/gap queues.
CTRL0004,P0004,ALDI Süd / ALDI Einkauf SE & Co. oHG,supermarket_retailer_parent,Y,N,Y,N,N,Y,source_fields_present,brand_rows_present,alias_rows_present,reserved_post_mvp_not_coverage_strategy,reviewed,none,founder signed-off in v0.10; no further expansion before scaffold validation unless fatal flaw,AU/NZ shelf priority columns are review/prioritisation metadata only; they do not drive app behaviour. v0.10 founder sign-off: seeded chaining accepted subject to explicit candidate/gap queues.
CTRL0005,P0005,Metcash Limited,supermarket_retailer_parent,Y,N,N,N,N,N,source_fields_present,brand_rows_present,alias_rows_present,reserved_post_mvp_not_coverage_strategy,reviewed,none,founder signed-off in v0.10; no further expansion before scaffold validation unless fatal flaw,AU/NZ shelf priority columns are review/prioritisation metadata only; they do not drive app behaviour. v0.10 founder sign-off: seeded chaining accepted subject to explicit candidate/gap queues.
CTRL0006,P0006,Costco Wholesale Corporation,supermarket_retailer_parent,Y,N,Y,Y,N,Y,source_fields_present,brand_rows_present,alias_rows_present,reserved_post_mvp_not_coverage_strategy,reviewed,none,founder signed-off in v0.10; no further expansion before scaffold validation unless fatal flaw,AU/NZ shelf priority columns are review/prioritisation metadata only; they do not drive app behaviour. v0.10 founder sign-off: seeded chaining accepted subject to explicit candidate/gap queues.
CTRL0007,P0007,"Mars, Incorporated",global_food_beverage_parent,Y,Y,Y,N,N,Y,source_fields_present,brand_rows_present,alias_rows_present,reserved_post_mvp_not_coverage_strategy,reviewed,none,founder signed-off in v0.10; no further expansion before scaffold validation unless fatal flaw,AU/NZ shelf priority columns are review/prioritisation metadata only; they do not drive app behaviour. v0.10 founder sign-off: seeded chaining accepted subject to explicit candidate/gap queues.
CTRL0008,P0008,Nestlé S.A.,global_food_beverage_parent,Y,Y,Y,Y,N,Y,source_fields_present,brand_rows_present,alias_rows_present,reserved_post_mvp_not_coverage_strategy,reviewed,none,founder signed-off in v0.10; no further expansion before scaffold validation unless fatal flaw,AU/NZ shelf priority columns are review/prioritisation metadata only; they do not drive app behaviour. v0.10 founder sign-off: seeded chaining accepted subject to explicit candidate/gap queues.
CTRL0009,P0009,"Mondelez International, Inc.",global_food_beverage_parent,Y,Y,Y,Y,N,Y,source_fields_present,brand_rows_present,alias_rows_present,reserved_post_mvp_not_coverage_strategy,reviewed,none,founder signed-off in v0.10; no further expansion before scaffold validation unless fatal flaw,AU/NZ shelf priority columns are review/prioritisation metadata only; they do not drive app behaviour. v0.10 founder sign-off: seeded chaining accepted subject to explicit candidate/gap queues.
CTRL0010,P0010,"PepsiCo, Inc.",global_food_beverage_parent,Y,Y,N,N,N,Y,source_fields_present,brand_rows_present,alias_rows_present,reserved_post_mvp_not_coverage_strategy,reviewed,none,founder signed-off in v0.10; no further expansion before scaffold validation unless fatal flaw,AU/NZ shelf priority columns are review/prioritisation metadata only; they do not drive app behaviour. v0.10 founder sign-off: seeded chaining accepted subject to explicit candidate/gap queues.
CTRL0011,P0011,The Coca-Cola Company,global_food_beverage_parent,Y,Y,N,N,N,Y,source_fields_present,brand_rows_present,alias_rows_present,reserved_post_mvp_not_coverage_strategy,reviewed,none,founder signed-off in v0.10; no further expansion before scaffold validation unless fatal flaw,AU/NZ shelf priority columns are review/prioritisation metadata only; they do not drive app behaviour. v0.10 founder sign-off: seeded chaining accepted subject to explicit candidate/gap queues.
CTRL0012,P0012,Danone S.A.,global_food_beverage_parent,Y,Y,Y,N,N,Y,source_fields_present,brand_rows_present,alias_rows_present,reserved_post_mvp_not_coverage_strategy,reviewed,none,founder signed-off in v0.10; no further expansion before scaffold validation unless fatal flaw,AU/NZ shelf priority columns are review/prioritisation metadata only; they do not drive app behaviour. v0.10 founder sign-off: seeded chaining accepted subject to explicit candidate/gap queues.
CTRL0013,P0013,Unilever PLC,global_food_beverage_parent,Y,Y,Y,Y,N,Y,source_fields_present,brand_rows_present,alias_rows_present,reserved_post_mvp_not_coverage_strategy,reviewed,none,founder signed-off in v0.10; no further expansion before scaffold validation unless fatal flaw,AU/NZ shelf priority columns are review/prioritisation metadata only; they do not drive app behaviour. v0.10 founder sign-off: seeded chaining accepted subject to explicit candidate/gap queues.
CTRL0014,P0014,The Magnum Ice Cream Company N.V.,global_food_beverage_parent,Y,Y,N,N,N,Y,source_fields_present,brand_rows_present,alias_rows_present,reserved_post_mvp_not_coverage_strategy,reviewed,none,founder signed-off in v0.10; no further expansion before scaffold validation unless fatal flaw,AU/NZ shelf priority columns are review/prioritisation metadata only; they do not drive app behaviour. v0.10 founder sign-off: seeded chaining accepted subject to explicit candidate/gap queues.
CTRL0015,P0015,"General Mills, Inc.",global_food_beverage_parent,Y,Y,Y,Y,N,Y,source_fields_present,brand_rows_present,alias_rows_present,reserved_post_mvp_not_coverage_strategy,reviewed,none,founder signed-off in v0.10; no further expansion before scaffold validation unless fatal flaw,AU/NZ shelf priority columns are review/prioritisation metadata only; they do not drive app behaviour. v0.10 founder sign-off: seeded chaining accepted subject to explicit candidate/gap queues.
CTRL0016,P0016,The Kraft Heinz Company,global_food_beverage_parent,Y,Y,Y,Y,Y,Y,source_fields_present,brand_rows_present,alias_rows_present,reserved_post_mvp_not_coverage_strategy,reviewed,none,founder signed-off in v0.10; no further expansion before scaffold validation unless fatal flaw,AU/NZ shelf priority columns are review/prioritisation metadata only; they do not drive app behaviour. v0.10 founder sign-off: seeded chaining accepted subject to explicit candidate/gap queues.
CTRL0017,P0017,Ferrero Group,global_food_beverage_parent,Y,Y,Y,N,N,Y,source_fields_present,brand_rows_present,alias_rows_present,reserved_post_mvp_not_coverage_strategy,reviewed,none,founder signed-off in v0.10; no further expansion before scaffold validation unless fatal flaw,AU/NZ shelf priority columns are review/prioritisation metadata only; they do not drive app behaviour. v0.10 founder sign-off: seeded chaining accepted subject to explicit candidate/gap queues.
CTRL0018,P0018,Associated British Foods plc,global_food_beverage_parent,Y,Y,N,Y,N,Y,source_fields_present,brand_rows_present,alias_rows_present,reserved_post_mvp_not_coverage_strategy,reviewed,none,founder signed-off in v0.10; no further expansion before scaffold validation unless fatal flaw,AU/NZ shelf priority columns are review/prioritisation metadata only; they do not drive app behaviour. v0.10 founder sign-off: seeded chaining accepted subject to explicit candidate/gap queues.
CTRL0019,P0019,Barilla G. e R. Fratelli S.p.A.,global_food_beverage_parent,Y,Y,Y,N,N,Y,source_fields_present,brand_rows_present,alias_rows_present,reserved_post_mvp_not_coverage_strategy,reviewed,none,founder signed-off in v0.10; no further expansion before scaffold validation unless fatal flaw,AU/NZ shelf priority columns are review/prioritisation metadata only; they do not drive app behaviour. v0.10 founder sign-off: seeded chaining accepted subject to explicit candidate/gap queues.
CTRL0020,P0020,Lactalis Group,global_food_beverage_parent,Y,Y,Y,N,N,Y,source_fields_present,brand_rows_present,alias_rows_present,reserved_post_mvp_not_coverage_strategy,reviewed,none,founder signed-off in v0.10; no further expansion before scaffold validation unless fatal flaw,AU/NZ shelf priority columns are review/prioritisation metadata only; they do not drive app behaviour. v0.10 founder sign-off: seeded chaining accepted subject to explicit candidate/gap queues.
CTRL0021,P0021,Arla Foods amba,global_food_beverage_parent,Y,Y,Y,N,N,Y,source_fields_present,brand_rows_present,alias_gap_or_not_started,reserved_post_mvp_not_coverage_strategy,reviewed,none,founder signed-off in v0.10; no further expansion before scaffold validation unless fatal flaw,AU/NZ shelf priority columns are review/prioritisation metadata only; they do not drive app behaviour. v0.10 founder sign-off: seeded chaining accepted subject to explicit candidate/gap queues.
CTRL0022,P0022,Fonterra Co-operative Group Limited,regional_food_beverage_parent,Y,Y,Y,N,N,Y,source_fields_present,brand_rows_present,alias_rows_present,reserved_post_mvp_not_coverage_strategy,reviewed,none,founder signed-off in v0.10; no further expansion before scaffold validation unless fatal flaw,AU/NZ shelf priority columns are review/prioritisation metadata only; they do not drive app behaviour. v0.10 founder sign-off: seeded chaining accepted subject to explicit candidate/gap queues.
CTRL0023,P0023,Bega Group Limited,regional_food_beverage_parent,Y,N,N,N,N,Y,source_fields_present,brand_rows_present,alias_gap_or_not_started,reserved_post_mvp_not_coverage_strategy,reviewed,none,founder signed-off in v0.10; no further expansion before scaffold validation unless fatal flaw,AU/NZ shelf priority columns are review/prioritisation metadata only; they do not drive app behaviour. v0.10 founder sign-off: seeded chaining accepted subject to explicit candidate/gap queues.
CTRL0024,P0024,The a2 Milk Company Limited,regional_food_beverage_parent,Y,Y,N,N,N,Y,source_fields_present,brand_rows_present,alias_gap_or_not_started,reserved_post_mvp_not_coverage_strategy,reviewed,none,founder signed-off in v0.10; no further expansion before scaffold validation unless fatal flaw,AU/NZ shelf priority columns are review/prioritisation metadata only; they do not drive app behaviour. v0.10 founder sign-off: seeded chaining accepted subject to explicit candidate/gap queues.
CTRL0025,P0025,Sanitarium Health Food Company,regional_food_beverage_parent,Y,Y,N,N,N,Y,source_fields_present,brand_rows_present,alias_gap_or_not_started,reserved_post_mvp_not_coverage_strategy,reviewed,none,founder signed-off in v0.10; no further expansion before scaffold validation unless fatal flaw,AU/NZ shelf priority columns are review/prioritisation metadata only; they do not drive app behaviour. v0.10 founder sign-off: seeded chaining accepted subject to explicit candidate/gap queues.
CTRL0026,P0026,Inghams Group Limited,regional_food_beverage_parent,Y,Y,N,N,N,Y,source_fields_present,brand_rows_present,alias_rows_present,reserved_post_mvp_not_coverage_strategy,reviewed,none,founder signed-off in v0.10; no further expansion before scaffold validation unless fatal flaw,AU/NZ shelf priority columns are review/prioritisation metadata only; they do not drive app behaviour. v0.10 founder sign-off: seeded chaining accepted subject to explicit candidate/gap queues.
CTRL0027,P0027,JBS S.A.,global_food_beverage_parent,Y,N,Y,Y,N,Y,source_fields_present,brand_rows_present,alias_rows_present,reserved_post_mvp_not_coverage_strategy,reviewed,none,founder signed-off in v0.10; no further expansion before scaffold validation unless fatal flaw,AU/NZ shelf priority columns are review/prioritisation metadata only; they do not drive app behaviour. v0.10 founder sign-off: seeded chaining accepted subject to explicit candidate/gap queues.
CTRL0028,P0028,BRF S.A.,global_food_beverage_parent,N,N,N,N,N,Y,source_fields_present,brand_rows_present,alias_gap_or_not_started,reserved_post_mvp_not_coverage_strategy,reviewed,none,founder signed-off in v0.10; no further expansion before scaffold validation unless fatal flaw,AU/NZ shelf priority columns are review/prioritisation metadata only; they do not drive app behaviour. v0.10 founder sign-off: seeded chaining accepted subject to explicit candidate/gap queues.
CTRL0029,P0029,"Tyson Foods, Inc.",global_food_beverage_parent,N,N,Y,Y,N,Y,source_fields_present,brand_rows_present,alias_rows_present,reserved_post_mvp_not_coverage_strategy,reviewed,none,founder signed-off in v0.10; no further expansion before scaffold validation unless fatal flaw,AU/NZ shelf priority columns are review/prioritisation metadata only; they do not drive app behaviour. v0.10 founder sign-off: seeded chaining accepted subject to explicit candidate/gap queues.
CTRL0030,P0030,Maple Leaf Foods Inc.,global_food_beverage_parent,N,N,Y,N,N,Y,source_fields_present,brand_rows_present,alias_gap_or_not_started,reserved_post_mvp_not_coverage_strategy,reviewed,none,founder signed-off in v0.10; no further expansion before scaffold validation unless fatal flaw,AU/NZ shelf priority columns are review/prioritisation metadata only; they do not drive app behaviour. v0.10 founder sign-off: seeded chaining accepted subject to explicit candidate/gap queues.
CTRL0031,P0031,Premier Foods plc,global_food_beverage_parent,Y,Y,Y,N,Y,Y,source_fields_present,brand_rows_present,alias_rows_present,reserved_post_mvp_not_coverage_strategy,reviewed,none,founder signed-off in v0.10; no further expansion before scaffold validation unless fatal flaw,AU/NZ shelf priority columns are review/prioritisation metadata only; they do not drive app behaviour. v0.10 founder sign-off: seeded chaining accepted subject to explicit candidate/gap queues.
CTRL0032,P0032,Campbell's Company,global_food_beverage_parent,Y,Y,Y,Y,N,Y,source_fields_present,brand_rows_present,alias_rows_present,reserved_post_mvp_not_coverage_strategy,reviewed,none,founder signed-off in v0.10; no further expansion before scaffold validation unless fatal flaw,AU/NZ shelf priority columns are review/prioritisation metadata only; they do not drive app behaviour. v0.10 founder sign-off: seeded chaining accepted subject to explicit candidate/gap queues.
CTRL0033,P0033,The Hershey Company,global_food_beverage_parent,Y,Y,Y,Y,N,Y,source_fields_present,brand_rows_present,alias_rows_present,reserved_post_mvp_not_coverage_strategy,reviewed,none,founder signed-off in v0.10; no further expansion before scaffold validation unless fatal flaw,AU/NZ shelf priority columns are review/prioritisation metadata only; they do not drive app behaviour. v0.10 founder sign-off: seeded chaining accepted subject to explicit candidate/gap queues.
CTRL0034,P0034,"McCormick & Company, Inc.",global_food_beverage_parent,Y,Y,N,Y,N,Y,source_fields_present,brand_rows_present,alias_rows_present,reserved_post_mvp_not_coverage_strategy,reviewed,none,founder signed-off in v0.10; no further expansion before scaffold validation unless fatal flaw,AU/NZ shelf priority columns are review/prioritisation metadata only; they do not drive app behaviour. v0.10 founder sign-off: seeded chaining accepted subject to explicit candidate/gap queues.
CTRL0035,P0035,"Grupo Bimbo, S.A.B. de C.V.",global_food_beverage_parent,Y,Y,Y,Y,N,Y,source_fields_present,brand_rows_present,alias_gap_or_not_started,reserved_post_mvp_not_coverage_strategy,reviewed,none,founder signed-off in v0.10; no further expansion before scaffold validation unless fatal flaw,AU/NZ shelf priority columns are review/prioritisation metadata only; they do not drive app behaviour. v0.10 founder sign-off: seeded chaining accepted subject to explicit candidate/gap queues.
CTRL0036,P0036,Keurig Dr Pepper Inc.,global_food_beverage_parent,Y,N,N,N,N,Y,source_fields_present,brand_rows_present,alias_rows_present,reserved_post_mvp_not_coverage_strategy,reviewed,none,founder signed-off in v0.10; no further expansion before scaffold validation unless fatal flaw,AU/NZ shelf priority columns are review/prioritisation metadata only; they do not drive app behaviour. v0.10 founder sign-off: seeded chaining accepted subject to explicit candidate/gap queues.
CTRL0037,P0037,Suntory Holdings Limited,global_food_beverage_parent,Y,Y,N,N,N,Y,source_fields_present,brand_rows_present,alias_rows_present,reserved_post_mvp_not_coverage_strategy,reviewed,none,founder signed-off in v0.10; no further expansion before scaffold validation unless fatal flaw,AU/NZ shelf priority columns are review/prioritisation metadata only; they do not drive app behaviour. v0.10 founder sign-off: seeded chaining accepted subject to explicit candidate/gap queues.
CTRL0038,P0038,"Asahi Group Holdings, Ltd.",global_food_beverage_parent,Y,Y,N,N,N,Y,source_fields_present,brand_rows_present,alias_rows_present,reserved_post_mvp_not_coverage_strategy,reviewed,none,founder signed-off in v0.10; no further expansion before scaffold validation unless fatal flaw,AU/NZ shelf priority columns are review/prioritisation metadata only; they do not drive app behaviour. v0.10 founder sign-off: seeded chaining accepted subject to explicit candidate/gap queues.
CTRL0039,P0039,"Kirin Holdings Company, Limited",global_food_beverage_parent,Y,Y,N,N,N,N,source_fields_present,brand_rows_present,alias_gap_or_not_started,reserved_post_mvp_not_coverage_strategy,reviewed,none,founder signed-off in v0.10; no further expansion before scaffold validation unless fatal flaw,AU/NZ shelf priority columns are review/prioritisation metadata only; they do not drive app behaviour. v0.10 founder sign-off: seeded chaining accepted subject to explicit candidate/gap queues.
CTRL0040,P0040,Goodman Fielder Pty Limited,regional_food_beverage_parent,Y,Y,N,N,N,Y,source_fields_present,brand_rows_present,alias_rows_present,reserved_post_mvp_not_coverage_strategy,reviewed,none,founder signed-off in v0.10; no further expansion before scaffold validation unless fatal flaw,AU/NZ shelf priority columns are review/prioritisation metadata only; they do not drive app behaviour. v0.10 founder sign-off: seeded chaining accepted subject to explicit candidate/gap queues.
CTRL0041,P0041,Simplot Australia Pty Limited,regional_food_beverage_parent,Y,Y,N,N,N,Y,source_fields_present,brand_rows_present,alias_rows_present,reserved_post_mvp_not_coverage_strategy,reviewed,none,founder signed-off in v0.10; no further expansion before scaffold validation unless fatal flaw,AU/NZ shelf priority columns are review/prioritisation metadata only; they do not drive app behaviour. v0.10 founder sign-off: seeded chaining accepted subject to explicit candidate/gap queues.
CTRL0042,P0042,Patties Food Group Pty Limited,regional_food_beverage_parent,Y,N,N,N,N,Y,source_fields_present,brand_rows_present,alias_rows_present,reserved_post_mvp_not_coverage_strategy,reviewed,none,founder signed-off in v0.10; no further expansion before scaffold validation unless fatal flaw,AU/NZ shelf priority columns are review/prioritisation metadata only; they do not drive app behaviour. v0.10 founder sign-off: seeded chaining accepted subject to explicit candidate/gap queues.
CTRL0043,P0043,The Arnott's Group,regional_food_beverage_parent,Y,Y,N,N,N,Y,source_fields_present,brand_rows_present,alias_rows_present,reserved_post_mvp_not_coverage_strategy,reviewed,none,founder signed-off in v0.10; no further expansion before scaffold validation unless fatal flaw,AU/NZ shelf priority columns are review/prioritisation metadata only; they do not drive app behaviour. v0.10 founder sign-off: seeded chaining accepted subject to explicit candidate/gap queues.
CTRL0044,P0044,Dr. August Oetker KG,global_food_beverage_parent,Y,Y,N,N,N,Y,source_fields_present,brand_rows_present,alias_gap_or_not_started,reserved_post_mvp_not_coverage_strategy,reviewed,none,founder signed-off in v0.10; no further expansion before scaffold validation unless fatal flaw,AU/NZ shelf priority columns are review/prioritisation metadata only; they do not drive app behaviour. v0.10 founder sign-off: seeded chaining accepted subject to explicit candidate/gap queues.
CTRL0045,P0045,McCain Foods Limited,global_food_beverage_parent,Y,Y,N,N,N,Y,source_fields_present,brand_rows_present,alias_gap_or_not_started,reserved_post_mvp_not_coverage_strategy,reviewed,none,founder signed-off in v0.10; no further expansion before scaffold validation unless fatal flaw,AU/NZ shelf priority columns are review/prioritisation metadata only; they do not drive app behaviour. v0.10 founder sign-off: seeded chaining accepted subject to explicit candidate/gap queues.
CTRL0046,P0046,Saputo Inc.,global_food_beverage_parent,Y,Y,Y,Y,N,Y,source_fields_present,brand_rows_present,alias_gap_or_not_started,reserved_post_mvp_not_coverage_strategy,reviewed,none,founder signed-off in v0.10; no further expansion before scaffold validation unless fatal flaw,AU/NZ shelf priority columns are review/prioritisation metadata only; they do not drive app behaviour. v0.10 founder sign-off: seeded chaining accepted subject to explicit candidate/gap queues.
CTRL0047,P0047,Wilmar International Limited,global_food_beverage_parent,Y,Y,N,Y,N,Y,source_fields_present,brand_rows_present,alias_rows_present,reserved_post_mvp_not_coverage_strategy,reviewed,none,founder signed-off in v0.10; no further expansion before scaffold validation unless fatal flaw,AU/NZ shelf priority columns are review/prioritisation metadata only; they do not drive app behaviour. v0.10 founder sign-off: seeded chaining accepted subject to explicit candidate/gap queues.
CTRL0048,P0048,Marks & Spencer plc,supermarket_retailer_parent,N,N,Y,N,N,Y,source_fields_present,brand_rows_present,alias_rows_present,reserved_post_mvp_not_coverage_strategy,reviewed,none,founder signed-off in v0.10; no further expansion before scaffold validation unless fatal flaw,AU/NZ shelf priority columns are review/prioritisation metadata only; they do not drive app behaviour. v0.10 founder sign-off: seeded chaining accepted subject to explicit candidate/gap queues.
CTRL0049,P0049,Waitrose,supermarket_retailer_parent,N,N,Y,N,N,Y,source_fields_present,brand_rows_present,alias_gap_or_not_started,reserved_post_mvp_not_coverage_strategy,reviewed,none,founder signed-off in v0.10; no further expansion before scaffold validation unless fatal flaw,AU/NZ shelf priority columns are review/prioritisation metadata only; they do not drive app behaviour. v0.10 founder sign-off: seeded chaining accepted subject to explicit candidate/gap queues.
CTRL0050,P0050,Tesco PLC,supermarket_retailer_parent,N,N,Y,Y,N,Y,source_fields_present,brand_rows_present,alias_rows_present,reserved_post_mvp_not_coverage_strategy,reviewed,none,founder signed-off in v0.10; no further expansion before scaffold validation unless fatal flaw,AU/NZ shelf priority columns are review/prioritisation metadata only; they do not drive app behaviour. v0.10 founder sign-off: seeded chaining accepted subject to explicit candidate/gap queues.
CTRL0051,P0051,J Sainsbury plc,supermarket_retailer_parent,N,N,Y,N,N,Y,source_fields_present,brand_rows_present,alias_rows_present,reserved_post_mvp_not_coverage_strategy,reviewed,none,founder signed-off in v0.10; no further expansion before scaffold validation unless fatal flaw,AU/NZ shelf priority columns are review/prioritisation metadata only; they do not drive app behaviour. v0.10 founder sign-off: seeded chaining accepted subject to explicit candidate/gap queues.
CTRL0052,P0052,Ahold Delhaize,supermarket_retailer_parent,N,N,Y,Y,N,Y,source_fields_present,brand_rows_present,alias_rows_present,reserved_post_mvp_not_coverage_strategy,reviewed,none,founder signed-off in v0.10; no further expansion before scaffold validation unless fatal flaw,AU/NZ shelf priority columns are review/prioritisation metadata only; they do not drive app behaviour. v0.10 founder sign-off: seeded chaining accepted subject to explicit candidate/gap queues.
CTRL0053,P0053,Walmart Inc.,supermarket_retailer_parent,N,N,Y,Y,N,Y,source_fields_present,brand_rows_present,alias_gap_or_not_started,reserved_post_mvp_not_coverage_strategy,reviewed,none,founder signed-off in v0.10; no further expansion before scaffold validation unless fatal flaw,AU/NZ shelf priority columns are review/prioritisation metadata only; they do not drive app behaviour. v0.10 founder sign-off: seeded chaining accepted subject to explicit candidate/gap queues.
CTRL0054,P0054,Carrefour S.A.,supermarket_retailer_parent,N,N,Y,Y,N,Y,source_fields_present,brand_rows_present,alias_rows_present,reserved_post_mvp_not_coverage_strategy,reviewed,none,founder signed-off in v0.10; no further expansion before scaffold validation unless fatal flaw,AU/NZ shelf priority columns are review/prioritisation metadata only; they do not drive app behaviour. v0.10 founder sign-off: seeded chaining accepted subject to explicit candidate/gap queues.
CTRL0055,P0055,Jalna Dairy Foods Pty Ltd,regional_food_beverage_parent,Y,N,N,N,Y,Y,source_fields_present,brand_rows_present,alias_gap_or_not_started,reserved_post_mvp_not_coverage_strategy,reviewed,none,founder signed-off in v0.10; no further expansion before scaffold validation unless fatal flaw,AU/NZ shelf priority columns are review/prioritisation metadata only; they do not drive app behaviour. v0.10 founder sign-off: seeded chaining accepted subject to explicit candidate/gap queues.
CTRL0056,P0056,"Chobani, LLC",global_food_beverage_parent,Y,N,N,N,Y,Y,source_fields_present,brand_rows_present,alias_rows_present,reserved_post_mvp_not_coverage_strategy,reviewed,none,founder signed-off in v0.10; no further expansion before scaffold validation unless fatal flaw,AU/NZ shelf priority columns are review/prioritisation metadata only; they do not drive app behaviour. v0.10 founder sign-off: seeded chaining accepted subject to explicit candidate/gap queues.
CTRL0057,P0057,Maggie Beer Holdings Limited,regional_food_beverage_parent,Y,N,N,N,N,Y,source_fields_present,brand_rows_present,alias_rows_present,reserved_post_mvp_not_coverage_strategy,reviewed,none,founder signed-off in v0.10; no further expansion before scaffold validation unless fatal flaw,AU/NZ shelf priority columns are review/prioritisation metadata only; they do not drive app behaviour. v0.10 founder sign-off: seeded chaining accepted subject to explicit candidate/gap queues.
CTRL0058,P0058,Conga Foods Pty Ltd,regional_food_beverage_parent,Y,N,N,N,N,Y,source_fields_present,brand_rows_present,alias_rows_present,reserved_post_mvp_not_coverage_strategy,reviewed,none,founder signed-off in v0.10; no further expansion before scaffold validation unless fatal flaw,AU/NZ shelf priority columns are review/prioritisation metadata only; they do not drive app behaviour. v0.10 founder sign-off: seeded chaining accepted subject to explicit candidate/gap queues.
CTRL0059,P0059,Ebro Foods S.A.,global_food_beverage_parent,Y,Y,N,N,N,Y,source_fields_present,brand_rows_present,alias_rows_present,reserved_post_mvp_not_coverage_strategy,reviewed,none,founder signed-off in v0.10; no further expansion before scaffold validation unless fatal flaw,AU/NZ shelf priority columns are review/prioritisation metadata only; they do not drive app behaviour. v0.10 founder sign-off: seeded chaining accepted subject to explicit candidate/gap queues.
CTRL0060,P0060,SPC Global Limited,regional_food_beverage_parent,Y,N,N,N,N,Y,source_fields_present,brand_rows_present,alias_rows_present,reserved_post_mvp_not_coverage_strategy,reviewed,none,founder signed-off in v0.10; no further expansion before scaffold validation unless fatal flaw,AU/NZ shelf priority columns are review/prioritisation metadata only; they do not drive app behaviour. v0.10 founder sign-off: seeded chaining accepted subject to explicit candidate/gap queues.
CTRL0061,P0061,PT Indofood Sukses Makmur Tbk,global_food_beverage_parent,Y,Y,N,N,N,Y,source_fields_present,brand_rows_present,alias_rows_present,reserved_post_mvp_not_coverage_strategy,reviewed,none,founder signed-off in v0.10; no further expansion before scaffold validation unless fatal flaw,AU/NZ shelf priority columns are review/prioritisation metadata only; they do not drive app behaviour. v0.10 founder sign-off: seeded chaining accepted subject to explicit candidate/gap queues.
CTRL0062,P0062,San Remo Macaroni Company Pty Ltd,regional_food_beverage_parent,Y,N,N,N,N,Y,source_fields_present,brand_rows_present,alias_rows_present,reserved_post_mvp_not_coverage_strategy,reviewed,none,founder signed-off in v0.10; no further expansion before scaffold validation unless fatal flaw,AU/NZ shelf priority columns are review/prioritisation metadata only; they do not drive app behaviour. v0.10 founder sign-off: seeded chaining accepted subject to explicit candidate/gap queues.
CTRL0063,P0063,My Muscle Chef Pty Ltd,regional_food_beverage_parent,Y,N,N,N,N,Y,source_fields_present,brand_rows_present,alias_rows_present,reserved_post_mvp_not_coverage_strategy,reviewed,none,founder signed-off in v0.10; no further expansion before scaffold validation unless fatal flaw,AU/NZ shelf priority columns are review/prioritisation metadata only; they do not drive app behaviour. v0.10 founder sign-off: seeded chaining accepted subject to explicit candidate/gap queues.
CTRL0064,P0064,Danish Crown AmbA,global_food_beverage_parent,N,N,Y,N,N,N,source_fields_present,parent_only_seeded,alias_gap_or_not_started,reserved_post_mvp_not_coverage_strategy,reviewed,brand_mapping_review_needed,founder signed-off in v0.10; no further expansion before scaffold validation unless fatal flaw,AU/NZ shelf priority columns are review/prioritisation metadata only; they do not drive app behaviour. v0.10 founder sign-off: seeded chaining accepted subject to explicit candidate/gap queues.
CTRL0065,P0065,Migros-Genossenschafts-Bund,supermarket_retailer_parent,N,N,Y,N,N,N,source_fields_present,parent_only_seeded,alias_gap_or_not_started,reserved_post_mvp_not_coverage_strategy,reviewed,brand_mapping_review_needed,founder signed-off in v0.10; no further expansion before scaffold validation unless fatal flaw,AU/NZ shelf priority columns are review/prioritisation metadata only; they do not drive app behaviour. v0.10 founder sign-off: seeded chaining accepted subject to explicit candidate/gap queues.
CTRL0066,P0066,Minerva Foods,global_food_beverage_parent,N,N,Y,N,N,N,source_fields_present,parent_only_seeded,alias_gap_or_not_started,reserved_post_mvp_not_coverage_strategy,reviewed,brand_mapping_review_needed,founder signed-off in v0.10; no further expansion before scaffold validation unless fatal flaw,AU/NZ shelf priority columns are review/prioritisation metadata only; they do not drive app behaviour. v0.10 founder sign-off: seeded chaining accepted subject to explicit candidate/gap queues.
CTRL0067,P0067,Noble Foods,global_food_beverage_parent,N,N,Y,N,N,N,source_fields_present,parent_only_seeded,alias_gap_or_not_started,reserved_post_mvp_not_coverage_strategy,reviewed,brand_mapping_review_needed,founder signed-off in v0.10; no further expansion before scaffold validation unless fatal flaw,AU/NZ shelf priority columns are review/prioritisation metadata only; they do not drive app behaviour. v0.10 founder sign-off: seeded chaining accepted subject to explicit candidate/gap queues.
CTRL0068,P0068,BRF SA,global_food_beverage_parent,N,N,Y,N,N,N,source_fields_present,parent_only_seeded,alias_gap_or_not_started,reserved_post_mvp_not_coverage_strategy,reviewed,brand_mapping_review_needed,founder signed-off in v0.10; no further expansion before scaffold validation unless fatal flaw,AU/NZ shelf priority columns are review/prioritisation metadata only; they do not drive app behaviour. v0.10 founder sign-off: seeded chaining accepted subject to explicit candidate/gap queues.
CTRL0069,P0069,Hilton Food Group,global_food_beverage_parent,N,N,Y,N,N,N,source_fields_present,parent_only_seeded,alias_gap_or_not_started,reserved_post_mvp_not_coverage_strategy,reviewed,brand_mapping_review_needed,founder signed-off in v0.10; no further expansion before scaffold validation unless fatal flaw,AU/NZ shelf priority columns are review/prioritisation metadata only; they do not drive app behaviour. v0.10 founder sign-off: seeded chaining accepted subject to explicit candidate/gap queues.
CTRL0070,P0070,Les Mousquetaires,supermarket_retailer_parent,N,N,Y,N,N,N,source_fields_present,parent_only_seeded,alias_gap_or_not_started,reserved_post_mvp_not_coverage_strategy,reviewed,brand_mapping_review_needed,founder signed-off in v0.10; no further expansion before scaffold validation unless fatal flaw,AU/NZ shelf priority columns are review/prioritisation metadata only; they do not drive app behaviour. v0.10 founder sign-off: seeded chaining accepted subject to explicit candidate/gap queues.
CTRL0071,P0071,Marfrig Global Foods SA,global_food_beverage_parent,N,N,Y,N,N,N,source_fields_present,parent_only_seeded,alias_gap_or_not_started,reserved_post_mvp_not_coverage_strategy,reviewed,brand_mapping_review_needed,founder signed-off in v0.10; no further expansion before scaffold validation unless fatal flaw,AU/NZ shelf priority columns are review/prioritisation metadata only; they do not drive app behaviour. v0.10 founder sign-off: seeded chaining accepted subject to explicit candidate/gap queues.
CTRL0072,P0072,Terrena Group.,global_food_beverage_parent,N,N,Y,N,N,N,source_fields_present,parent_only_seeded,alias_gap_or_not_started,reserved_post_mvp_not_coverage_strategy,reviewed,brand_mapping_review_needed,founder signed-off in v0.10; no further expansion before scaffold validation unless fatal flaw,AU/NZ shelf priority columns are review/prioritisation metadata only; they do not drive app behaviour. v0.10 founder sign-off: seeded chaining accepted subject to explicit candidate/gap queues.
CTRL0073,P0073,Wm Morrison Supermarkets PLC.,supermarket_retailer_parent,N,N,Y,N,N,N,source_fields_present,parent_only_seeded,alias_gap_or_not_started,reserved_post_mvp_not_coverage_strategy,reviewed,brand_mapping_review_needed,founder signed-off in v0.10; no further expansion before scaffold validation unless fatal flaw,AU/NZ shelf priority columns are review/prioritisation metadata only; they do not drive app behaviour. v0.10 founder sign-off: seeded chaining accepted subject to explicit candidate/gap queues.
CTRL0074,P0074,The Kroger Co.,supermarket_retailer_parent,N,N,Y,Y,N,N,source_fields_present,brand_rows_present,alias_rows_present,reserved_post_mvp_not_coverage_strategy,reviewed,none,founder signed-off in v0.10; no further expansion before scaffold validation unless fatal flaw,AU/NZ shelf priority columns are review/prioritisation metadata only; they do not drive app behaviour. v0.10 founder sign-off: seeded chaining accepted subject to explicit candidate/gap queues.
CTRL0075,P0075,2 Sisters Food Group (Boparan Holdings Ltd),global_food_beverage_parent,N,N,Y,N,N,N,source_fields_present,parent_only_seeded,alias_gap_or_not_started,reserved_post_mvp_not_coverage_strategy,reviewed,brand_mapping_review_needed,founder signed-off in v0.10; no further expansion before scaffold validation unless fatal flaw,AU/NZ shelf priority columns are review/prioritisation metadata only; they do not drive app behaviour. v0.10 founder sign-off: seeded chaining accepted subject to explicit candidate/gap queues.
CTRL0076,P0076,Agro Super,global_food_beverage_parent,N,N,Y,N,N,N,source_fields_present,parent_only_seeded,alias_gap_or_not_started,reserved_post_mvp_not_coverage_strategy,reviewed,brand_mapping_review_needed,founder signed-off in v0.10; no further expansion before scaffold validation unless fatal flaw,AU/NZ shelf priority columns are review/prioritisation metadata only; they do not drive app behaviour. v0.10 founder sign-off: seeded chaining accepted subject to explicit candidate/gap queues.
CTRL0077,P0077,ALDI Einkauf SE & Co. oHG (ALDI Nord),supermarket_retailer_parent,N,N,Y,N,N,N,source_fields_present,parent_only_seeded,alias_gap_or_not_started,reserved_post_mvp_not_coverage_strategy,reviewed,brand_mapping_review_needed,founder signed-off in v0.10; no further expansion before scaffold validation unless fatal flaw,AU/NZ shelf priority columns are review/prioritisation metadata only; they do not drive app behaviour. v0.10 founder sign-off: seeded chaining accepted subject to explicit candidate/gap queues.
CTRL0078,P0078,Bellis Topco Ltd./Asda,supermarket_retailer_parent,N,N,Y,N,N,N,source_fields_present,parent_only_seeded,alias_gap_or_not_started,reserved_post_mvp_not_coverage_strategy,reviewed,brand_mapping_review_needed,founder signed-off in v0.10; no further expansion before scaffold validation unless fatal flaw,AU/NZ shelf priority columns are review/prioritisation metadata only; they do not drive app behaviour. v0.10 founder sign-off: seeded chaining accepted subject to explicit candidate/gap queues.
CTRL0079,P0079,Cargill,global_food_beverage_parent,N,N,Y,N,N,N,source_fields_present,parent_only_seeded,alias_gap_or_not_started,reserved_post_mvp_not_coverage_strategy,reviewed,brand_mapping_review_needed,founder signed-off in v0.10; no further expansion before scaffold validation unless fatal flaw,AU/NZ shelf priority columns are review/prioritisation metadata only; they do not drive app behaviour. v0.10 founder sign-off: seeded chaining accepted subject to explicit candidate/gap queues.
CTRL0080,P0080,Casino Guichard-Perrachon SA,supermarket_retailer_parent,N,N,Y,N,N,N,source_fields_present,parent_only_seeded,alias_gap_or_not_started,reserved_post_mvp_not_coverage_strategy,reviewed,brand_mapping_review_needed,founder signed-off in v0.10; no further expansion before scaffold validation unless fatal flaw,AU/NZ shelf priority columns are review/prioritisation metadata only; they do not drive app behaviour. v0.10 founder sign-off: seeded chaining accepted subject to explicit candidate/gap queues.
CTRL0081,P0081,Charoen Pokphand Foods,global_food_beverage_parent,N,N,Y,N,N,N,source_fields_present,parent_only_seeded,alias_gap_or_not_started,reserved_post_mvp_not_coverage_strategy,reviewed,brand_mapping_review_needed,founder signed-off in v0.10; no further expansion before scaffold validation unless fatal flaw,AU/NZ shelf priority columns are review/prioritisation metadata only; they do not drive app behaviour. v0.10 founder sign-off: seeded chaining accepted subject to explicit candidate/gap queues.
CTRL0082,P0082,Colruyt,supermarket_retailer_parent,N,N,Y,N,N,N,source_fields_present,parent_only_seeded,alias_gap_or_not_started,reserved_post_mvp_not_coverage_strategy,reviewed,brand_mapping_review_needed,founder signed-off in v0.10; no further expansion before scaffold validation unless fatal flaw,AU/NZ shelf priority columns are review/prioritisation metadata only; they do not drive app behaviour. v0.10 founder sign-off: seeded chaining accepted subject to explicit candidate/gap queues.
CTRL0083,P0083,Coop Group (Switzerland)/Coop Genossenschaft,supermarket_retailer_parent,N,N,Y,N,N,N,source_fields_present,parent_only_seeded,alias_gap_or_not_started,reserved_post_mvp_not_coverage_strategy,reviewed,brand_mapping_review_needed,founder signed-off in v0.10; no further expansion before scaffold validation unless fatal flaw,AU/NZ shelf priority columns are review/prioritisation metadata only; they do not drive app behaviour. v0.10 founder sign-off: seeded chaining accepted subject to explicit candidate/gap queues.
CTRL0084,P0084,Cooperativa Central Aurora Alimentos,global_food_beverage_parent,N,N,Y,N,N,N,source_fields_present,parent_only_seeded,alias_gap_or_not_started,reserved_post_mvp_not_coverage_strategy,reviewed,brand_mapping_review_needed,founder signed-off in v0.10; no further expansion before scaffold validation unless fatal flaw,AU/NZ shelf priority columns are review/prioritisation metadata only; they do not drive app behaviour. v0.10 founder sign-off: seeded chaining accepted subject to explicit candidate/gap queues.
CTRL0085,P0085,Coopérative U Enseigne,supermarket_retailer_parent,N,N,Y,N,N,N,source_fields_present,parent_only_seeded,alias_gap_or_not_started,reserved_post_mvp_not_coverage_strategy,reviewed,brand_mapping_review_needed,founder signed-off in v0.10; no further expansion before scaffold validation unless fatal flaw,AU/NZ shelf priority columns are review/prioritisation metadata only; they do not drive app behaviour. v0.10 founder sign-off: seeded chaining accepted subject to explicit candidate/gap queues.
CTRL0086,P0086,Cooperl Arc Atlantique,global_food_beverage_parent,N,N,Y,N,N,N,source_fields_present,parent_only_seeded,alias_gap_or_not_started,reserved_post_mvp_not_coverage_strategy,reviewed,brand_mapping_review_needed,founder signed-off in v0.10; no further expansion before scaffold validation unless fatal flaw,AU/NZ shelf priority columns are review/prioritisation metadata only; they do not drive app behaviour. v0.10 founder sign-off: seeded chaining accepted subject to explicit candidate/gap queues.
CTRL0087,P0087,Cremonini SpA,global_food_beverage_parent,N,N,Y,N,N,N,source_fields_present,parent_only_seeded,alias_gap_or_not_started,reserved_post_mvp_not_coverage_strategy,reviewed,brand_mapping_review_needed,founder signed-off in v0.10; no further expansion before scaffold validation unless fatal flaw,AU/NZ shelf priority columns are review/prioritisation metadata only; they do not drive app behaviour. v0.10 founder sign-off: seeded chaining accepted subject to explicit candidate/gap queues.
CTRL0088,P0088,E.Leclerc,supermarket_retailer_parent,N,N,Y,N,N,N,source_fields_present,parent_only_seeded,alias_gap_or_not_started,reserved_post_mvp_not_coverage_strategy,reviewed,brand_mapping_review_needed,founder signed-off in v0.10; no further expansion before scaffold validation unless fatal flaw,AU/NZ shelf priority columns are review/prioritisation metadata only; they do not drive app behaviour. v0.10 founder sign-off: seeded chaining accepted subject to explicit candidate/gap queues.
CTRL0089,P0089,EDEKA Group,supermarket_retailer_parent,N,N,Y,N,N,N,source_fields_present,parent_only_seeded,alias_gap_or_not_started,reserved_post_mvp_not_coverage_strategy,reviewed,brand_mapping_review_needed,founder signed-off in v0.10; no further expansion before scaffold validation unless fatal flaw,AU/NZ shelf priority columns are review/prioritisation metadata only; they do not drive app behaviour. v0.10 founder sign-off: seeded chaining accepted subject to explicit candidate/gap queues.
CTRL0090,P0090,Elo Group,supermarket_retailer_parent,N,N,Y,N,N,N,source_fields_present,parent_only_seeded,alias_gap_or_not_started,reserved_post_mvp_not_coverage_strategy,reviewed,brand_mapping_review_needed,founder signed-off in v0.10; no further expansion before scaffold validation unless fatal flaw,AU/NZ shelf priority columns are review/prioritisation metadata only; they do not drive app behaviour. v0.10 founder sign-off: seeded chaining accepted subject to explicit candidate/gap queues.
CTRL0091,P0091,Gruppo Veronesi,global_food_beverage_parent,N,N,Y,N,N,N,source_fields_present,parent_only_seeded,alias_gap_or_not_started,reserved_post_mvp_not_coverage_strategy,reviewed,brand_mapping_review_needed,founder signed-off in v0.10; no further expansion before scaffold validation unless fatal flaw,AU/NZ shelf priority columns are review/prioritisation metadata only; they do not drive app behaviour. v0.10 founder sign-off: seeded chaining accepted subject to explicit candidate/gap queues.
CTRL0092,P0092,Hormel Foods Corporation,global_food_beverage_parent,N,N,Y,Y,N,N,source_fields_present,brand_rows_present,alias_rows_present,reserved_post_mvp_not_coverage_strategy,reviewed,none,founder signed-off in v0.10; no further expansion before scaffold validation unless fatal flaw,AU/NZ shelf priority columns are review/prioritisation metadata only; they do not drive app behaviour. v0.10 founder sign-off: seeded chaining accepted subject to explicit candidate/gap queues.
CTRL0093,P0093,ICA Gruppen AB,supermarket_retailer_parent,N,N,Y,N,N,N,source_fields_present,parent_only_seeded,alias_gap_or_not_started,reserved_post_mvp_not_coverage_strategy,reviewed,brand_mapping_review_needed,founder signed-off in v0.10; no further expansion before scaffold validation unless fatal flaw,AU/NZ shelf priority columns are review/prioritisation metadata only; they do not drive app behaviour. v0.10 founder sign-off: seeded chaining accepted subject to explicit candidate/gap queues.
CTRL0094,P0094,Jeronimo Martins,supermarket_retailer_parent,N,N,Y,N,N,N,source_fields_present,parent_only_seeded,alias_gap_or_not_started,reserved_post_mvp_not_coverage_strategy,reviewed,brand_mapping_review_needed,founder signed-off in v0.10; no further expansion before scaffold validation unless fatal flaw,AU/NZ shelf priority columns are review/prioritisation metadata only; they do not drive app behaviour. v0.10 founder sign-off: seeded chaining accepted subject to explicit candidate/gap queues.
CTRL0095,P0095,METRO AG,supermarket_retailer_parent,N,N,Y,N,N,N,source_fields_present,parent_only_seeded,alias_gap_or_not_started,reserved_post_mvp_not_coverage_strategy,reviewed,brand_mapping_review_needed,founder signed-off in v0.10; no further expansion before scaffold validation unless fatal flaw,AU/NZ shelf priority columns are review/prioritisation metadata only; they do not drive app behaviour. v0.10 founder sign-off: seeded chaining accepted subject to explicit candidate/gap queues.
CTRL0096,P0096,Metro Inc.,supermarket_retailer_parent,N,N,Y,Y,N,N,source_fields_present,brand_rows_present,alias_rows_present,reserved_post_mvp_not_coverage_strategy,reviewed,none,founder signed-off in v0.10; no further expansion before scaffold validation unless fatal flaw,AU/NZ shelf priority columns are review/prioritisation metadata only; they do not drive app behaviour. v0.10 founder sign-off: seeded chaining accepted subject to explicit candidate/gap queues.
CTRL0097,P0097,Mowi ASA,global_food_beverage_parent,N,N,Y,Y,N,N,source_fields_present,brand_rows_present,alias_gap_or_not_started,reserved_post_mvp_not_coverage_strategy,reviewed,none,founder signed-off in v0.10; no further expansion before scaffold validation unless fatal flaw,AU/NZ shelf priority columns are review/prioritisation metadata only; they do not drive app behaviour. v0.10 founder sign-off: seeded chaining accepted subject to explicit candidate/gap queues.
CTRL0098,P0098,Perdue Farms,global_food_beverage_parent,N,N,Y,N,N,N,source_fields_present,parent_only_seeded,alias_gap_or_not_started,reserved_post_mvp_not_coverage_strategy,reviewed,brand_mapping_review_needed,founder signed-off in v0.10; no further expansion before scaffold validation unless fatal flaw,AU/NZ shelf priority columns are review/prioritisation metadata only; they do not drive app behaviour. v0.10 founder sign-off: seeded chaining accepted subject to explicit candidate/gap queues.
CTRL0099,P0099,Plukon Food Group,global_food_beverage_parent,N,N,Y,N,N,N,source_fields_present,parent_only_seeded,alias_gap_or_not_started,reserved_post_mvp_not_coverage_strategy,reviewed,brand_mapping_review_needed,founder signed-off in v0.10; no further expansion before scaffold validation unless fatal flaw,AU/NZ shelf priority columns are review/prioritisation metadata only; they do not drive app behaviour. v0.10 founder sign-off: seeded chaining accepted subject to explicit candidate/gap queues.
CTRL0100,P0100,REWE Group,supermarket_retailer_parent,N,N,Y,N,N,N,source_fields_present,parent_only_seeded,alias_gap_or_not_started,reserved_post_mvp_not_coverage_strategy,reviewed,brand_mapping_review_needed,founder signed-off in v0.10; no further expansion before scaffold validation unless fatal flaw,AU/NZ shelf priority columns are review/prioritisation metadata only; they do not drive app behaviour. v0.10 founder sign-off: seeded chaining accepted subject to explicit candidate/gap queues.
CTRL0101,P0101,Royal FrieslandCampina.,global_food_beverage_parent,N,N,Y,N,N,N,source_fields_present,parent_only_seeded,alias_gap_or_not_started,reserved_post_mvp_not_coverage_strategy,reviewed,brand_mapping_review_needed,founder signed-off in v0.10; no further expansion before scaffold validation unless fatal flaw,AU/NZ shelf priority columns are review/prioritisation metadata only; they do not drive app behaviour. v0.10 founder sign-off: seeded chaining accepted subject to explicit candidate/gap queues.
CTRL0102,P0102,Schwarz Gruppe,supermarket_retailer_parent,N,N,Y,N,N,N,source_fields_present,parent_only_seeded,alias_gap_or_not_started,reserved_post_mvp_not_coverage_strategy,reviewed,brand_mapping_review_needed,founder signed-off in v0.10; no further expansion before scaffold validation unless fatal flaw,AU/NZ shelf priority columns are review/prioritisation metadata only; they do not drive app behaviour. v0.10 founder sign-off: seeded chaining accepted subject to explicit candidate/gap queues.
CTRL0103,P0103,Tönnies Group,global_food_beverage_parent,N,N,Y,N,N,N,source_fields_present,parent_only_seeded,alias_gap_or_not_started,reserved_post_mvp_not_coverage_strategy,reviewed,brand_mapping_review_needed,founder signed-off in v0.10; no further expansion before scaffold validation unless fatal flaw,AU/NZ shelf priority columns are review/prioritisation metadata only; they do not drive app behaviour. v0.10 founder sign-off: seeded chaining accepted subject to explicit candidate/gap queues.
CTRL0104,P0104,Vion Food Group,global_food_beverage_parent,N,N,Y,N,N,N,source_fields_present,parent_only_seeded,alias_gap_or_not_started,reserved_post_mvp_not_coverage_strategy,reviewed,brand_mapping_review_needed,founder signed-off in v0.10; no further expansion before scaffold validation unless fatal flaw,AU/NZ shelf priority columns are review/prioritisation metadata only; they do not drive app behaviour. v0.10 founder sign-off: seeded chaining accepted subject to explicit candidate/gap queues.
CTRL0105,P0105,Wayne-Sanderson Farms.,global_food_beverage_parent,N,N,Y,N,N,N,source_fields_present,parent_only_seeded,alias_gap_or_not_started,reserved_post_mvp_not_coverage_strategy,reviewed,brand_mapping_review_needed,founder signed-off in v0.10; no further expansion before scaffold validation unless fatal flaw,AU/NZ shelf priority columns are review/prioritisation metadata only; they do not drive app behaviour. v0.10 founder sign-off: seeded chaining accepted subject to explicit candidate/gap queues.
CTRL0106,P0106,"Aeon Co., Ltd.",supermarket_retailer_parent,N,N,Y,Y,N,N,source_fields_present,brand_rows_present,alias_rows_present,reserved_post_mvp_not_coverage_strategy,reviewed,none,founder signed-off in v0.10; no further expansion before scaffold validation unless fatal flaw,AU/NZ shelf priority columns are review/prioritisation metadata only; they do not drive app behaviour. v0.10 founder sign-off: seeded chaining accepted subject to explicit candidate/gap queues.
CTRL0107,P0107,Albertsons,supermarket_retailer_parent,N,N,Y,N,N,N,source_fields_present,parent_only_seeded,alias_gap_or_not_started,reserved_post_mvp_not_coverage_strategy,reviewed,brand_mapping_review_needed,founder signed-off in v0.10; no further expansion before scaffold validation unless fatal flaw,AU/NZ shelf priority columns are review/prioritisation metadata only; they do not drive app behaviour. v0.10 founder sign-off: seeded chaining accepted subject to explicit candidate/gap queues.
CTRL0108,P0108,Alimentation Couche-Tard,supermarket_retailer_parent,N,N,Y,N,N,N,source_fields_present,parent_only_seeded,alias_gap_or_not_started,reserved_post_mvp_not_coverage_strategy,reviewed,brand_mapping_review_needed,founder signed-off in v0.10; no further expansion before scaffold validation unless fatal flaw,AU/NZ shelf priority columns are review/prioritisation metadata only; they do not drive app behaviour. v0.10 founder sign-off: seeded chaining accepted subject to explicit candidate/gap queues.
CTRL0109,P0109,Amazon/Whole Foods Market,supermarket_retailer_parent,N,N,Y,N,N,N,source_fields_present,parent_only_seeded,alias_gap_or_not_started,reserved_post_mvp_not_coverage_strategy,reviewed,brand_mapping_review_needed,founder signed-off in v0.10; no further expansion before scaffold validation unless fatal flaw,AU/NZ shelf priority columns are review/prioritisation metadata only; they do not drive app behaviour. v0.10 founder sign-off: seeded chaining accepted subject to explicit candidate/gap queues.
CTRL0110,P0110,BJ’s Wholesale Club Holdings,supermarket_retailer_parent,N,N,Y,N,N,N,source_fields_present,parent_only_seeded,alias_gap_or_not_started,reserved_post_mvp_not_coverage_strategy,reviewed,brand_mapping_review_needed,founder signed-off in v0.10; no further expansion before scaffold validation unless fatal flaw,AU/NZ shelf priority columns are review/prioritisation metadata only; they do not drive app behaviour. v0.10 founder sign-off: seeded chaining accepted subject to explicit candidate/gap queues.
CTRL0111,P0111,Cencosud,supermarket_retailer_parent,N,N,Y,N,N,N,source_fields_present,parent_only_seeded,alias_gap_or_not_started,reserved_post_mvp_not_coverage_strategy,reviewed,brand_mapping_review_needed,founder signed-off in v0.10; no further expansion before scaffold validation unless fatal flaw,AU/NZ shelf priority columns are review/prioritisation metadata only; they do not drive app behaviour. v0.10 founder sign-off: seeded chaining accepted subject to explicit candidate/gap queues.
CTRL0112,P0112,China Resources Vanguard,supermarket_retailer_parent,N,N,Y,N,N,N,source_fields_present,parent_only_seeded,alias_gap_or_not_started,reserved_post_mvp_not_coverage_strategy,reviewed,brand_mapping_review_needed,founder signed-off in v0.10; no further expansion before scaffold validation unless fatal flaw,AU/NZ shelf priority columns are review/prioritisation metadata only; they do not drive app behaviour. v0.10 founder sign-off: seeded chaining accepted subject to explicit candidate/gap queues.
CTRL0113,P0113,China Yurun Group Limited,global_food_beverage_parent,N,N,Y,N,N,N,source_fields_present,parent_only_seeded,alias_gap_or_not_started,reserved_post_mvp_not_coverage_strategy,reviewed,brand_mapping_review_needed,founder signed-off in v0.10; no further expansion before scaffold validation unless fatal flaw,AU/NZ shelf priority columns are review/prioritisation metadata only; they do not drive app behaviour. v0.10 founder sign-off: seeded chaining accepted subject to explicit candidate/gap queues.
CTRL0114,P0114,Conad Consorzio Nazionale,supermarket_retailer_parent,N,N,Y,N,N,N,source_fields_present,parent_only_seeded,alias_gap_or_not_started,reserved_post_mvp_not_coverage_strategy,reviewed,brand_mapping_review_needed,founder signed-off in v0.10; no further expansion before scaffold validation unless fatal flaw,AU/NZ shelf priority columns are review/prioritisation metadata only; they do not drive app behaviour. v0.10 founder sign-off: seeded chaining accepted subject to explicit candidate/gap queues.
CTRL0115,P0115,Cooke Seafood Inc,global_food_beverage_parent,N,N,Y,N,N,N,source_fields_present,parent_only_seeded,alias_gap_or_not_started,reserved_post_mvp_not_coverage_strategy,reviewed,brand_mapping_review_needed,founder signed-off in v0.10; no further expansion before scaffold validation unless fatal flaw,AU/NZ shelf priority columns are review/prioritisation metadata only; they do not drive app behaviour. v0.10 founder sign-off: seeded chaining accepted subject to explicit candidate/gap queues.
CTRL0116,P0116,Dairy Farmers of America,global_food_beverage_parent,N,N,Y,N,N,N,source_fields_present,parent_only_seeded,alias_gap_or_not_started,reserved_post_mvp_not_coverage_strategy,reviewed,brand_mapping_review_needed,founder signed-off in v0.10; no further expansion before scaffold validation unless fatal flaw,AU/NZ shelf priority columns are review/prioritisation metadata only; they do not drive app behaviour. v0.10 founder sign-off: seeded chaining accepted subject to explicit candidate/gap queues.
CTRL0117,P0117,Dino Polska SA,supermarket_retailer_parent,N,N,Y,N,N,N,source_fields_present,parent_only_seeded,alias_gap_or_not_started,reserved_post_mvp_not_coverage_strategy,reviewed,brand_mapping_review_needed,founder signed-off in v0.10; no further expansion before scaffold validation unless fatal flaw,AU/NZ shelf priority columns are review/prioritisation metadata only; they do not drive app behaviour. v0.10 founder sign-off: seeded chaining accepted subject to explicit candidate/gap queues.
CTRL0118,P0118,Empire Company/Sobey’s,supermarket_retailer_parent,N,N,Y,N,N,N,source_fields_present,parent_only_seeded,alias_gap_or_not_started,reserved_post_mvp_not_coverage_strategy,reviewed,brand_mapping_review_needed,founder signed-off in v0.10; no further expansion before scaffold validation unless fatal flaw,AU/NZ shelf priority columns are review/prioritisation metadata only; they do not drive app behaviour. v0.10 founder sign-off: seeded chaining accepted subject to explicit candidate/gap queues.
CTRL0119,P0119,H E Butt Company,supermarket_retailer_parent,N,N,Y,N,N,N,source_fields_present,parent_only_seeded,alias_gap_or_not_started,reserved_post_mvp_not_coverage_strategy,reviewed,brand_mapping_review_needed,founder signed-off in v0.10; no further expansion before scaffold validation unless fatal flaw,AU/NZ shelf priority columns are review/prioritisation metadata only; they do not drive app behaviour. v0.10 founder sign-off: seeded chaining accepted subject to explicit candidate/gap queues.
CTRL0120,P0120,Industrias Bachoco,global_food_beverage_parent,N,N,Y,N,N,N,source_fields_present,parent_only_seeded,alias_gap_or_not_started,reserved_post_mvp_not_coverage_strategy,reviewed,brand_mapping_review_needed,founder signed-off in v0.10; no further expansion before scaffold validation unless fatal flaw,AU/NZ shelf priority columns are review/prioritisation metadata only; they do not drive app behaviour. v0.10 founder sign-off: seeded chaining accepted subject to explicit candidate/gap queues.
CTRL0121,P0121,JAB Holding Company,global_food_beverage_parent,N,N,Y,N,N,N,source_fields_present,parent_only_seeded,alias_gap_or_not_started,reserved_post_mvp_not_coverage_strategy,reviewed,brand_mapping_review_needed,founder signed-off in v0.10; no further expansion before scaffold validation unless fatal flaw,AU/NZ shelf priority columns are review/prioritisation metadata only; they do not drive app behaviour. v0.10 founder sign-off: seeded chaining accepted subject to explicit candidate/gap queues.
CTRL0122,P0122,Lianhua Supermarket Holdings Co,supermarket_retailer_parent,N,N,Y,N,N,N,source_fields_present,parent_only_seeded,alias_gap_or_not_started,reserved_post_mvp_not_coverage_strategy,reviewed,brand_mapping_review_needed,founder signed-off in v0.10; no further expansion before scaffold validation unless fatal flaw,AU/NZ shelf priority columns are review/prioritisation metadata only; they do not drive app behaviour. v0.10 founder sign-off: seeded chaining accepted subject to explicit candidate/gap queues.
CTRL0123,P0123,Loblaw Companies Limited,supermarket_retailer_parent,N,N,Y,Y,N,N,source_fields_present,brand_rows_present,alias_rows_present,reserved_post_mvp_not_coverage_strategy,reviewed,none,founder signed-off in v0.10; no further expansion before scaffold validation unless fatal flaw,AU/NZ shelf priority columns are review/prioritisation metadata only; they do not drive app behaviour. v0.10 founder sign-off: seeded chaining accepted subject to explicit candidate/gap queues.
CTRL0124,P0124,Maruha Nichiro,global_food_beverage_parent,N,N,Y,N,N,N,source_fields_present,parent_only_seeded,alias_gap_or_not_started,reserved_post_mvp_not_coverage_strategy,reviewed,brand_mapping_review_needed,founder signed-off in v0.10; no further expansion before scaffold validation unless fatal flaw,AU/NZ shelf priority columns are review/prioritisation metadata only; they do not drive app behaviour. v0.10 founder sign-off: seeded chaining accepted subject to explicit candidate/gap queues.
CTRL0125,P0125,Meiji Holdings,global_food_beverage_parent,N,N,Y,N,N,N,source_fields_present,parent_only_seeded,alias_gap_or_not_started,reserved_post_mvp_not_coverage_strategy,reviewed,brand_mapping_review_needed,founder signed-off in v0.10; no further expansion before scaffold validation unless fatal flaw,AU/NZ shelf priority columns are review/prioritisation metadata only; they do not drive app behaviour. v0.10 founder sign-off: seeded chaining accepted subject to explicit candidate/gap queues.
CTRL0126,P0126,Mercadona SA,supermarket_retailer_parent,N,N,Y,N,N,N,source_fields_present,parent_only_seeded,alias_gap_or_not_started,reserved_post_mvp_not_coverage_strategy,reviewed,brand_mapping_review_needed,founder signed-off in v0.10; no further expansion before scaffold validation unless fatal flaw,AU/NZ shelf priority columns are review/prioritisation metadata only; they do not drive app behaviour. v0.10 founder sign-off: seeded chaining accepted subject to explicit candidate/gap queues.
CTRL0127,P0127,Müller UTM,global_food_beverage_parent,N,N,Y,N,N,N,source_fields_present,parent_only_seeded,alias_gap_or_not_started,reserved_post_mvp_not_coverage_strategy,reviewed,brand_mapping_review_needed,founder signed-off in v0.10; no further expansion before scaffold validation unless fatal flaw,AU/NZ shelf priority columns are review/prioritisation metadata only; they do not drive app behaviour. v0.10 founder sign-off: seeded chaining accepted subject to explicit candidate/gap queues.
CTRL0128,P0128,New Hope Liuhe Co Ltd,global_food_beverage_parent,N,N,Y,N,N,N,source_fields_present,parent_only_seeded,alias_gap_or_not_started,reserved_post_mvp_not_coverage_strategy,reviewed,brand_mapping_review_needed,founder signed-off in v0.10; no further expansion before scaffold validation unless fatal flaw,AU/NZ shelf priority columns are review/prioritisation metadata only; they do not drive app behaviour. v0.10 founder sign-off: seeded chaining accepted subject to explicit candidate/gap queues.
CTRL0129,P0129,Nippon Ham,global_food_beverage_parent,N,N,Y,N,N,N,source_fields_present,parent_only_seeded,alias_gap_or_not_started,reserved_post_mvp_not_coverage_strategy,reviewed,brand_mapping_review_needed,founder signed-off in v0.10; no further expansion before scaffold validation unless fatal flaw,AU/NZ shelf priority columns are review/prioritisation metadata only; they do not drive app behaviour. v0.10 founder sign-off: seeded chaining accepted subject to explicit candidate/gap queues.
CTRL0130,P0130,Publix Super Markets Inc,supermarket_retailer_parent,N,N,Y,N,N,N,source_fields_present,parent_only_seeded,alias_gap_or_not_started,reserved_post_mvp_not_coverage_strategy,reviewed,brand_mapping_review_needed,founder signed-off in v0.10; no further expansion before scaffold validation unless fatal flaw,AU/NZ shelf priority columns are review/prioritisation metadata only; they do not drive app behaviour. v0.10 founder sign-off: seeded chaining accepted subject to explicit candidate/gap queues.
CTRL0131,P0131,"Seven & i Holdings Co., Ltd.",supermarket_retailer_parent,N,N,Y,Y,N,N,source_fields_present,brand_rows_present,alias_rows_present,reserved_post_mvp_not_coverage_strategy,reviewed,none,founder signed-off in v0.10; no further expansion before scaffold validation unless fatal flaw,AU/NZ shelf priority columns are review/prioritisation metadata only; they do not drive app behaviour. v0.10 founder sign-off: seeded chaining accepted subject to explicit candidate/gap queues.
CTRL0132,P0132,Spar Holding AG,supermarket_retailer_parent,N,N,Y,N,N,N,source_fields_present,parent_only_seeded,alias_gap_or_not_started,reserved_post_mvp_not_coverage_strategy,reviewed,brand_mapping_review_needed,founder signed-off in v0.10; no further expansion before scaffold validation unless fatal flaw,AU/NZ shelf priority columns are review/prioritisation metadata only; they do not drive app behaviour. v0.10 founder sign-off: seeded chaining accepted subject to explicit candidate/gap queues.
CTRL0133,P0133,Target Corporation,supermarket_retailer_parent,N,N,Y,N,N,N,source_fields_present,parent_only_seeded,alias_gap_or_not_started,reserved_post_mvp_not_coverage_strategy,reviewed,brand_mapping_review_needed,founder signed-off in v0.10; no further expansion before scaffold validation unless fatal flaw,AU/NZ shelf priority columns are review/prioritisation metadata only; they do not drive app behaviour. v0.10 founder sign-off: seeded chaining accepted subject to explicit candidate/gap queues.
CTRL0134,P0134,Wens Foodstuff Group,global_food_beverage_parent,N,N,Y,N,N,N,source_fields_present,parent_only_seeded,alias_gap_or_not_started,reserved_post_mvp_not_coverage_strategy,reviewed,brand_mapping_review_needed,founder signed-off in v0.10; no further expansion before scaffold validation unless fatal flaw,AU/NZ shelf priority columns are review/prioritisation metadata only; they do not drive app behaviour. v0.10 founder sign-off: seeded chaining accepted subject to explicit candidate/gap queues.
CTRL0135,P0135,WH Group Limited,global_food_beverage_parent,N,N,Y,Y,N,N,source_fields_present,brand_rows_present,alias_gap_or_not_started,reserved_post_mvp_not_coverage_strategy,reviewed,none,founder signed-off in v0.10; no further expansion before scaffold validation unless fatal flaw,AU/NZ shelf priority columns are review/prioritisation metadata only; they do not drive app behaviour. v0.10 founder sign-off: seeded chaining accepted subject to explicit candidate/gap queues.
CTRL0136,P0136,"Inner Mongolia Yili Industrial Group Co., Ltd",global_food_beverage_parent,N,N,Y,Y,N,N,source_fields_present,brand_rows_present,alias_gap_or_not_started,reserved_post_mvp_not_coverage_strategy,reviewed,none,founder signed-off in v0.10; no further expansion before scaffold validation unless fatal flaw,AU/NZ shelf priority columns are review/prioritisation metadata only; they do not drive app behaviour. v0.10 founder sign-off: seeded chaining accepted subject to explicit candidate/gap queues.
CTRL0137,P0137,Yonghui Superstores Co Ltd,supermarket_retailer_parent,N,N,Y,N,N,N,source_fields_present,parent_only_seeded,alias_gap_or_not_started,reserved_post_mvp_not_coverage_strategy,reviewed,brand_mapping_review_needed,founder signed-off in v0.10; no further expansion before scaffold validation unless fatal flaw,AU/NZ shelf priority columns are review/prioritisation metadata only; they do not drive app behaviour. v0.10 founder sign-off: seeded chaining accepted subject to explicit candidate/gap queues.
CTRL0138,P0138,Zhongpin Inc (Huayu Holdings),global_food_beverage_parent,N,N,Y,N,N,N,source_fields_present,parent_only_seeded,alias_gap_or_not_started,reserved_post_mvp_not_coverage_strategy,reviewed,brand_mapping_review_needed,founder signed-off in v0.10; no further expansion before scaffold validation unless fatal flaw,AU/NZ shelf priority columns are review/prioritisation metadata only; they do not drive app behaviour. v0.10 founder sign-off: seeded chaining accepted subject to explicit candidate/gap queues.
CTRL0139,P0139,"Ajinomoto Co., Inc.",global_food_beverage_parent,N,N,N,Y,N,N,source_fields_present,brand_rows_present,alias_gap_or_not_started,reserved_post_mvp_not_coverage_strategy,reviewed,none,founder signed-off in v0.10; no further expansion before scaffold validation unless fatal flaw,AU/NZ shelf priority columns are review/prioritisation metadata only; they do not drive app behaviour. v0.10 founder sign-off: seeded chaining accepted subject to explicit candidate/gap queues.
CTRL0140,P0140,China Mengniu Dairy Co Ltd,global_food_beverage_parent,N,N,N,Y,N,N,source_fields_present,brand_rows_present,alias_gap_or_not_started,reserved_post_mvp_not_coverage_strategy,reviewed,none,founder signed-off in v0.10; no further expansion before scaffold validation unless fatal flaw,AU/NZ shelf priority columns are review/prioritisation metadata only; they do not drive app behaviour. v0.10 founder sign-off: seeded chaining accepted subject to explicit candidate/gap queues.
CTRL0141,P0141,Chocoladefabriken Lindt & Sprüngli AG,global_food_beverage_parent,N,N,N,Y,N,N,source_fields_present,brand_rows_present,alias_gap_or_not_started,reserved_post_mvp_not_coverage_strategy,reviewed,none,founder signed-off in v0.10; no further expansion before scaffold validation unless fatal flaw,AU/NZ shelf priority columns are review/prioritisation metadata only; they do not drive app behaviour. v0.10 founder sign-off: seeded chaining accepted subject to explicit candidate/gap queues.
CTRL0142,P0142,"Conagra Brands, Inc.",global_food_beverage_parent,N,N,N,Y,N,N,source_fields_present,brand_rows_present,alias_rows_present,reserved_post_mvp_not_coverage_strategy,reviewed,none,founder signed-off in v0.10; no further expansion before scaffold validation unless fatal flaw,AU/NZ shelf priority columns are review/prioritisation metadata only; they do not drive app behaviour. v0.10 founder sign-off: seeded chaining accepted subject to explicit candidate/gap queues.
CTRL0143,P0143,Danone,global_food_beverage_parent,N,N,N,Y,N,N,source_fields_present,brand_rows_present,alias_rows_present,reserved_post_mvp_not_coverage_strategy,reviewed,none,founder signed-off in v0.10; no further expansion before scaffold validation unless fatal flaw,AU/NZ shelf priority columns are review/prioritisation metadata only; they do not drive app behaviour. v0.10 founder sign-off: seeded chaining accepted subject to explicit candidate/gap queues.
CTRL0144,P0144,Empire Company Limited,supermarket_retailer_parent,N,N,N,Y,N,N,source_fields_present,brand_rows_present,alias_gap_or_not_started,reserved_post_mvp_not_coverage_strategy,reviewed,none,founder signed-off in v0.10; no further expansion before scaffold validation unless fatal flaw,AU/NZ shelf priority columns are review/prioritisation metadata only; they do not drive app behaviour. v0.10 founder sign-off: seeded chaining accepted subject to explicit candidate/gap queues.
CTRL0145,P0145,Foshan Haitian Flavouring and Food Co Ltd,global_food_beverage_parent,N,N,N,Y,N,N,source_fields_present,brand_rows_present,alias_gap_or_not_started,reserved_post_mvp_not_coverage_strategy,reviewed,none,founder signed-off in v0.10; no further expansion before scaffold validation unless fatal flaw,AU/NZ shelf priority columns are review/prioritisation metadata only; they do not drive app behaviour. v0.10 founder sign-off: seeded chaining accepted subject to explicit candidate/gap queues.
CTRL0146,P0146,Kikkoman Corporation,global_food_beverage_parent,Y,N,N,Y,Y,N,source_fields_present,brand_rows_present,alias_rows_present,reserved_post_mvp_not_coverage_strategy,reviewed,none,founder signed-off in v0.10; no further expansion before scaffold validation unless fatal flaw,AU/NZ shelf priority columns are review/prioritisation metadata only; they do not drive app behaviour. v0.10 founder sign-off: seeded chaining accepted subject to explicit candidate/gap queues.
CTRL0147,P0147,"Meiji Holdings Co., Ltd.",global_food_beverage_parent,N,N,N,Y,N,N,source_fields_present,brand_rows_present,alias_gap_or_not_started,reserved_post_mvp_not_coverage_strategy,reviewed,none,founder signed-off in v0.10; no further expansion before scaffold validation unless fatal flaw,AU/NZ shelf priority columns are review/prioritisation metadata only; they do not drive app behaviour. v0.10 founder sign-off: seeded chaining accepted subject to explicit candidate/gap queues.
CTRL0148,P0148,The J. M. Smucker Company,global_food_beverage_parent,N,N,N,Y,N,N,source_fields_present,brand_rows_present,alias_rows_present,reserved_post_mvp_not_coverage_strategy,reviewed,none,founder signed-off in v0.10; no further expansion before scaffold validation unless fatal flaw,AU/NZ shelf priority columns are review/prioritisation metadata only; they do not drive app behaviour. v0.10 founder sign-off: seeded chaining accepted subject to explicit candidate/gap queues.
CTRL0149,P0149,Want Want China Holdings Limited,global_food_beverage_parent,N,N,N,Y,N,N,source_fields_present,brand_rows_present,alias_gap_or_not_started,reserved_post_mvp_not_coverage_strategy,reviewed,none,founder signed-off in v0.10; no further expansion before scaffold validation unless fatal flaw,AU/NZ shelf priority columns are review/prioritisation metadata only; they do not drive app behaviour. v0.10 founder sign-off: seeded chaining accepted subject to explicit candidate/gap queues.
CTRL0150,P0150,"Yakult Honsha Co., Ltd.",global_food_beverage_parent,Y,N,N,Y,Y,N,source_fields_present,brand_rows_present,alias_gap_or_not_started,reserved_post_mvp_not_coverage_strategy,reviewed,none,founder signed-off in v0.10; no further expansion before scaffold validation unless fatal flaw,AU/NZ shelf priority columns are review/prioritisation metadata only; they do not drive app behaviour. v0.10 founder sign-off: seeded chaining accepted subject to explicit candidate/gap queues.
CTRL0151,P0151,Norco Co-operative Limited,regional_food_beverage_parent,Y,N,N,N,Y,Y,source_fields_present,brand_rows_present,alias_gap_or_not_started,reserved_post_mvp_not_coverage_strategy,reviewed,none,founder signed-off in v0.10; no further expansion before scaffold validation unless fatal flaw,AU/NZ shelf priority columns are review/prioritisation metadata only; they do not drive app behaviour. v0.10 founder sign-off: seeded chaining accepted subject to explicit candidate/gap queues.
CTRL0152,P0152,Red Bull GmbH,global_food_beverage_parent,Y,N,N,N,Y,Y,source_fields_present,brand_rows_present,alias_rows_present,reserved_post_mvp_not_coverage_strategy,reviewed,none,founder signed-off in v0.10; no further expansion before scaffold validation unless fatal flaw,AU/NZ shelf priority columns are review/prioritisation metadata only; they do not drive app behaviour. v0.10 founder sign-off: seeded chaining accepted subject to explicit candidate/gap queues.
CTRL0153,P0153,Vitasoy International Holdings Limited,global_food_beverage_parent,Y,N,N,N,Y,Y,source_fields_present,brand_rows_present,alias_gap_or_not_started,reserved_post_mvp_not_coverage_strategy,reviewed,none,founder signed-off in v0.10; no further expansion before scaffold validation unless fatal flaw,AU/NZ shelf priority columns are review/prioritisation metadata only; they do not drive app behaviour. v0.10 founder sign-off: seeded chaining accepted subject to explicit candidate/gap queues.
CTRL0154,P0154,Hive + Wellness Australia Pty Ltd,regional_food_beverage_parent,Y,N,N,N,Y,Y,source_fields_present,brand_rows_present,alias_rows_present,reserved_post_mvp_not_coverage_strategy,reviewed,none,founder signed-off in v0.10; no further expansion before scaffold validation unless fatal flaw,AU/NZ shelf priority columns are review/prioritisation metadata only; they do not drive app behaviour. v0.10 founder sign-off: seeded chaining accepted subject to explicit candidate/gap queues.
CTRL0155,P0155,Ward McKenzie Pty Ltd,regional_food_beverage_parent,Y,N,N,N,Y,Y,source_fields_present,brand_rows_present,alias_rows_present,reserved_post_mvp_not_coverage_strategy,reviewed,none,founder signed-off in v0.10; no further expansion before scaffold validation unless fatal flaw,AU/NZ shelf priority columns are review/prioritisation metadata only; they do not drive app behaviour. v0.10 founder sign-off: seeded chaining accepted subject to explicit candidate/gap queues.
CTRL0156,P0156,Intersnack Group GmbH & Co. KG,global_food_beverage_parent,Y,N,N,N,Y,Y,source_fields_present,brand_rows_present,alias_rows_present,reserved_post_mvp_not_coverage_strategy,reviewed,none,founder signed-off in v0.10; no further expansion before scaffold validation unless fatal flaw,Kettle parent exception resolved; Snackbrands Australia retained as local operating entity context only. v0.10 founder sign-off: seeded chaining accepted subject to explicit candidate/gap queues.
