signal_target_id,signal_id,market_key,target_type,target_label,canonical_target_id,propagation_mode,required_brand_id,required_parent_id,product_match_terms,verified_gtins,verified_gtin_evidence,scope_review_summary,coverage_state,confidence_state,review_state,resolution_status,lineage_reference,product_scope_guard
TGT-100,SIG-SR-AU-001-20260918,AU,product,Chickadees recalled product line,TGT-100,exact_only,B0654,P0156,chickadees,9310988019279 | 9310988019309 | 9310988016353,9310988019279 -> https://brandz-cms.s3-ap-southeast-2.amazonaws.com/brochures/June2021/FJJSibPGCSrBxX8a6qp8.pdf ; https://www.inlanddistributors.com.au/SHOP | 9310988019309 -> https://www.woolworths.com.au/shop/help/product-recalls/2026-product-recalls/chickadees-90g ; https://www.inlanddistributors.com.au/SHOP | 9310988016353 -> https://www.foodlandsa.com.au/wp-content/uploads/2023/09/FINAL_Win-a-Year-of-Groceries_Terms-and-Conditions_Participating-Products.pdf ; https://world.openfoodfacts.org/product/9310988016353,Bounded Chickadees product target. A verified GTIN match may establish relevance directly; otherwise Chaining must resolve Chickadees and the reviewed product-name term must match. Pack size and date markings do not gate publication.,exact_product,confirmed,reviewed,resolved,FSANZ-CHICKADEES-20260710,
TGT-104,SIG-SR-AU-002-20260918,AU,product,Allen's iNSiDE OUTS,TGT-104,exact_only,B0059,P0008,inside outs | insideouts,9300605162921,9300605162921 -> https://drakes.com.au/wp-content/uploads/2026/06/Inside-Outs-customer-letter-AU-recall.pdf ; https://www.woolworths.com.au/shop/help/product-recalls/2026-product-recalls/allen-s-inside-outs-130g,"Bounded Allen's iNSiDE OUTS product target. Verified GTIN is positive-only alternative evidence; otherwise resolved Allen's identity plus a reviewed product-name term is required. Pack size, batch and date do not gate publication.",exact_product,confirmed,reviewed,resolved,FSANZ-ALLENS-INSIDEOUTS-20260602,
TGT-105,SIG-SR-NZ-002-20260918,NZ,product,Pams Beef Lasagne,TGT-105,exact_only,B0024,P0003,beef lasagne,9415077182329 | 9415077370979,9415077182329 -> https://www.pams.co.nz/product-finder/5307712 | 9415077370979 -> https://kiwisquare.co.nz/grocery/product/pams-beef-lasagne-350g-9415077370979?fallbackTitle=Pams+Beef+Lasagne+350g,Bounded Pams Beef Lasagne product target. Verified GTIN is positive-only alternative evidence; otherwise resolved Pams identity plus the reviewed product-name term is required. Pack size and printed date do not gate publication.,exact_product,confirmed,reviewed,resolved,MPI-PAMS-LASAGNE-20260227,
TGT-125,SIG-SR-NZ-003-20260918,NZ,product,Vogel's breads — MPI 11 Aug 2026 named lines,TGT-125,exact_only,B0175,P0040,original mixed grain very thin | original mixed grain sandwich | original mixed grain toast | dark rye toast | sprouted whole grain toast | fruit and spice extra thick,9414987012252,9414987012252 -> https://world.openfoodfacts.org/product/9414987012252/toast-sprouted-whole-grains-vogel-s ; https://www.mpi.govt.nz/news/media-releases/various-vogels-breads-recalled-due-to-possible-presence-of-small-metal-pieces,"One bounded Vogel's recall target covering the six MPI-named bread lines. Any reviewed product-name alternative or verified GTIN may establish relevance. Pack weight, Best Before and South Island distribution are consumer qualification, not firing gates.",exact_product,confirmed,reviewed,resolved,MPI-VOGELS-METAL-20260811,
TGT-126,SIG-SR-AU-004-20260918,AU,product,Mr Chen's Szechuan Chilli Oil,TGT-126,exact_only,B0796,P0175,szechuan chilli oil,9349673005624,9349673005624 -> https://www.woolworths.com.au/shop/help/product-recalls/2026-product-recalls/mr-chens-szechuan-chilli-oil-250g ; https://www.foodstandards.gov.au/food-recalls/recall-alert/chen-foods-mr-chens-szechuan-chilli-oil-250g,Bounded Mr Chen's Szechuan Chilli Oil product target. Verified GTIN is positive-only alternative evidence; otherwise resolved Mr Chen's identity plus the reviewed product-name term is required. Pack size and best-before dates do not gate publication.,exact_product,confirmed,reviewed,resolved,FSANZ-MRCHENS-20260818,
TGT-127,SIG-SR-AU-005,AU,product,Red Hat Cookia Matcha Chocolate Flavor,TGT-127,exact_only,B0799,P0178,cookia matcha chocolate flavor | cookia matcha chocolate flavour,4975186250043,4975186250043 -> https://seijoishii.com/products/4975186250043 ; https://fanbi-store.jp/shop/g/g30292/,Bounded Red Hat Cookia Matcha Chocolate product target. Verified GTIN is positive-only alternative evidence; otherwise resolved Red Hat identity plus a reviewed product-name term is required. Pack size and best-before dates do not gate publication.,exact_product,confirmed,reviewed,resolved,FSANZ-REDHAT-20260911,
TGT-128,SIG-SR-AU-006,AU,product,JC Seafood Sweet Chilli and Lime Salmon Portions,TGT-128,exact_only,B0800,P0179,sweet chilli and lime salmon portions | sweet chilli & lime salmon portions,,,"Bounded JC Seafood salmon-portions product target. Verified GTIN is positive-only alternative evidence; otherwise resolved JC Seafood identity plus a reviewed product-name term is required. Pack size, retailer and best-before date do not gate publication.",exact_product,confirmed,reviewed,resolved,FSANZ-JCSEAFOOD-20260910,
TGT-129,SIG-SR-AU-007,AU,product,Austral Herbs Certified Organic Premium Peppermint Leaf,TGT-129,exact_only,B0797,P0176,certified organic premium peppermint leaf | premium peppermint leaf,,,Bounded Austral Herbs peppermint-leaf product target. Verified GTIN is positive-only alternative evidence; otherwise resolved Austral Herbs identity plus a reviewed product-name term is required. Pack size and best-before date do not gate publication.,exact_product,confirmed,reviewed,resolved,FSANZ-AUSTRALHERBS-20260909,
TGT-130,SIG-SR-AU-008,AU,product,Mon Sire Brie — AU recall,TGT-130,exact_only,B0798,P0177,brie,,,"Bounded Mon Sire Brie product target for the Australian recall. Verified GTIN is positive-only alternative evidence; otherwise resolved Mon Sire identity plus the reviewed 'brie' term is required. Pack size, retailer and best-before date do not gate publication. AU market separation remains mandatory.",exact_product,confirmed,reviewed,resolved,FSANZ-MONSIRE-AU-20260904,
TGT-131,SIG-SR-NZ-004,NZ,product,Dongwon Fried Bean Curd,TGT-131,exact_only,B0801,P0180,fried bean curd,8801047559610,8801047559610 -> https://www.hanyangmart.com/products/dongwon-seasoned-fried-bean-curd-340g ; https://www.mpi.govt.nz/food-safety-home/food-recalls-and-complaints/recalled-food-products/dongwon-brand-fried-bean-curd-recalled-due-to-the-presence-of-undeclared-allergens-egg-milk-sesame,Bounded Dongwon Fried Bean Curd product target. Verified GTIN is positive-only alternative evidence; otherwise resolved Dongwon identity plus the reviewed product-name term is required. Pack size and retailer do not gate publication.,exact_product,confirmed,reviewed,resolved,MPI-DONGWON-20260911,
TGT-132,SIG-SR-NZ-005,NZ,product,Woolworths Multi Grain Cereal,TGT-132,exact_only,B0001,P0001,multi grain cereal | multigrain cereal,,,"Bounded Woolworths Multi Grain Cereal product target. Verified GTIN is positive-only alternative evidence; otherwise resolved Woolworths identity plus a reviewed product-name term is required. Pack size, retailer and best-before date do not gate publication.",exact_product,confirmed,reviewed,resolved,MPI-WOOLWORTHS-MULTIGRAIN-20260908,
TGT-133,SIG-SR-NZ-006,NZ,product,Mon Sire Brie — NZ recall,TGT-133,exact_only,B0798,P0177,brie,,,"Bounded Mon Sire Brie product target for the New Zealand recall. Verified GTIN is positive-only alternative evidence; otherwise resolved Mon Sire identity plus the reviewed 'brie' term is required. Pack weight, retailer and best-before date do not gate publication. NZ market separation remains mandatory.",exact_product,confirmed,reviewed,resolved,MPI-MONSIRE-NZ-20260904,
TGT-106,SIG-SR-AU-003-20260918,AU+NZ,entity,Coles Group / Coles supermarket context,P0002,entity_descendants,,,,,,Company-level Coles context. Resolve P0002 and current governed descendants through Chaining. AU+NZ is the delivery market; the underlying court conduct occurred in Australia and is qualified on-card.,entity_context,strong,reviewed,resolved,ACCC-39-26,
TGT-107,SIG-IN-AU-001-20260918,AU+NZ,product,Leggo's tomato-based range,TGT-107,exact_only,B0179,P0041,tomato | passata,9300645020823 | 9300645020809 | 9300645022421 | 9300645014495,9300645020823 -> https://www.jbmetro.com.au/140g-leggos-tomato-paste-twin-pack-5501.html ; https://pub.joel.net.au/dumps/myigatas.com.au/volumes/images/News/Covid19/Items-available-for-customers-to-order-on-IGA-Shop-Online.pdf | 9300645020809 -> https://cals.com.au/pasta-sauce/leggo-s-australian-grown-tomato-paste-no-added-salt-140g-x-2-pack/ | 9300645022421 -> https://cuugo.com/product/woolworths/85045/leggos-australian-grown-tomato-paste-no-added-salt ; https://cals.com.au/pasta-sauce/leggo-s-australian-grown-tomato-paste-no-added-salt-500g/ | 9300645014495 -> https://cuugo.com/product/woolworths/259592/leggos-australian-grown-tomato-paste-triple-concentrate-squeeze ; https://cals.com.au/pasta-sauce/leggo-s-australian-grown-tomato-paste-triple-concentrate-squeeze-400g/,"Bounded Leggo's tomato-based product range. A verified GTIN may establish relevance directly; otherwise Chaining must resolve Leggo's and a reviewed product-name term must positively indicate tomato-based relevance. This includes tomato paste and other tomato-based Leggo's products, but does not propagate to non-tomato Leggo's products. Products whose crowdsourced names do not reveal tomato relevance may remain under-fire until a verified GTIN is governed.",exact_product,strong,reviewed,resolved,ABC-106940742-LEGGOS,
TGT-108,SIG-IN-AU-002-20260918,AU+NZ,product,Remano Tomato Paste,TGT-108,exact_only,B0032,P0004,tomato paste,,,Bounded Remano tomato-paste product line. A verified GTIN match may establish relevance directly; otherwise Chaining must resolve Remano and the reviewed product-name term must match. Do not propagate to unrelated Remano or Aldi products.,exact_product,strong,reviewed,resolved,ABC-106940742-REMANO,
TGT-109,SIG-IN-AU-003-20260918,AU+NZ,product,Coles Italian Tomato Paste,TGT-109,exact_only,B0200,P0002,italian tomato paste,,,Bounded Coles Italian Tomato Paste product line. A verified GTIN match may establish relevance directly; otherwise Chaining must resolve the Coles own-label identity and the reviewed product-name term must match. Do not propagate to other Coles tomato products or the wider Coles range.,exact_product,strong,reviewed,resolved,ABC-106940742-COLES-TOMATO,
TGT-110,SIG-IN-AU-004-20260918,AU+NZ,product,Hoyt's Turmeric,TGT-110,exact_only,B0653,P0157,turmeric,9300725012182,9300725012182 -> https://hoytsfood.com.au/wp-content/uploads/2020/07/Metcash-Products.pdf ; https://cuugo.com/product/woolworths/574896/hoyt-s-turmeric,Bounded Hoyt's turmeric product line. A verified GTIN match may establish relevance directly; otherwise Chaining must resolve Hoyt's and the reviewed product-name term must match. Do not propagate to other Hoyt's spices.,exact_product,strong,reviewed,resolved,ABC-106960116-HOYTS,
TGT-111,SIG-IN-AU-005-20260918,AU+NZ,product,Woolworths branded eggs,TGT-111,exact_only,B0001,P0001,eggs,9339687306558 | 9339687306565 | 9339687265794 | 9339687138920 | 9300633636982,9339687306558 -> https://cuugo.com/product/woolworths/224762/woolworths-12-large-free-range-eggs ; https://cals.com.au/eggs/woolworths-12-large-free-range-eggs-600g/ | 9339687306565 -> https://cuugo.com/product/woolworths/224763/woolworths-12-x-large-free-range-eggs ; https://cals.com.au/eggs/woolworths-12-x-large-free-range-eggs-700g/ | 9339687265794 -> https://cuugo.com/product/woolworths/165367/woolworths-12-extra-large-cage-free-eggs ; https://cals.com.au/eggs/woolworths-12-extra-large-cage-free-eggs-700g/ | 9339687138920 -> https://cuugo.com/product/woolworths/74593/woolworths-18-large-cage-free-eggs ; https://cals.com.au/eggs/woolworths-18-large-cage-free-eggs-900g/ | 9300633636982 -> https://www.foodauthority.nsw.gov.au/news/recalls/bridgewater-poultry-eggs,"Woolworths-branded eggs as one bounded product scope. Match any Woolworths egg packet by verified GTIN or resolved Woolworths identity plus the reviewed 'eggs' term. Do not narrow by cage-free, free-range, barn-laid or other egg type. Do not propagate to unrelated Woolworths products.",exact_product,strong,reviewed,resolved,ABC-106960116-WOOLWORTHS-EGGS,
TGT-112,SIG-IN-GL-001-20260918,AU+NZ,brand,Cadbury,B0067,brand_descendants,,,,,,Cadbury brand target across AU/NZ through Chaining. The cocoa_chocolate guard is an additional fail-closed narrowing layer; do not propagate to non-Cadbury Mondelēz brands.,brand_context,strong,reviewed,resolved,ABC-106970782-COCOALIFE,cocoa_chocolate
TGT-114,SIG-IN-NZ-001-20260918,AU+NZ,brand,Keri,B0268,brand_descendants,,,,,,Keri brand-level transparency context. Resolve B0268 through Chaining across AU/NZ. No product-name or GTIN gate is required and the Signal must not propagate to Coca-Cola parent or sibling brands.,brand_context,strong,reviewed,resolved,CONSUMERNZ-KERI-20260211,
TGT-115,SIG-IN-NZ-002-20260918,AU+NZ,product,Anchor Blue Milk Powder,TGT-115,exact_only,B0139,P0020,anchor blue milk powder | blue milk powder,9415262047969 | 9415262050044,9415262047969 -> https://www.thewarehouse.co.nz/p/anchor-blue-milk-powder-1kg/R2700254.html ; https://world.openfoodfacts.org/product/9415262047969 | 9415262050044 -> https://www.buyanz.com/product/11011 ; https://www.letogift.co.nz/product/20063,Bounded Anchor Blue Milk Powder product scope. A verified GTIN match may establish relevance directly; otherwise Chaining must resolve Anchor and a reviewed product-name term must match. Do not propagate to liquid milk or unrelated Anchor products.,exact_product,strong,reviewed,resolved,CONSUMERNZ-ANCHOR-BLUE-20260211,
TGT-116,SIG-IN-NZ-003-20260918,AU+NZ,product,Pams Sparkling Water,TGT-116,exact_only,B0024,P0003,sparkling water,9415077134649,9415077134649 -> https://www.pams.co.nz/product-finder/5261954,Bounded Pams sparkling-water product scope. A verified GTIN match may establish relevance directly; otherwise Chaining must resolve Pams and the reviewed product-name term must match. Do not propagate to unrelated Pams products.,exact_product,strong,reviewed,resolved,RNZ-590339,
TGT-117,SIG-IN-GL-002-20260918,AU+NZ,entity,"Mondelez International, Inc.",P0009,entity_descendants,,,,,,Corporate cocoa/chocolate target named in the source. Resolve the governed entity and current/relevant lineage as authorised; then apply the cocoa_chocolate guard. The guard narrows the base entity scope and never broadens it.,entity_context,strong,reviewed,resolved,GW-LIBERIA-COCOA-20251125,cocoa_chocolate
TGT-118,SIG-IN-GL-002-20260918,AU+NZ,entity,Nestlé S.A.,P0008,entity_descendants,,,,,,Corporate cocoa/chocolate target named in the source. Resolve the governed entity and current/relevant lineage as authorised; then apply the cocoa_chocolate guard. The guard narrows the base entity scope and never broadens it.,entity_context,strong,reviewed,resolved,GW-LIBERIA-COCOA-20251125,cocoa_chocolate
TGT-119,SIG-IN-GL-002-20260918,AU+NZ,entity,"Mars, Incorporated",P0007,entity_descendants,,,,,,Corporate cocoa/chocolate target named in the source. Resolve the governed entity and current/relevant lineage as authorised; then apply the cocoa_chocolate guard. The guard narrows the base entity scope and never broadens it.,entity_context,strong,reviewed,resolved,GW-LIBERIA-COCOA-20251125,cocoa_chocolate
TGT-120,SIG-IN-GL-002-20260918,AU+NZ,entity,The Hershey Company,P0033,entity_descendants,,,,,,Corporate cocoa/chocolate target named in the source. Resolve the governed entity and current/relevant lineage as authorised; then apply the cocoa_chocolate guard. The guard narrows the base entity scope and never broadens it.,entity_context,strong,reviewed,resolved,GW-LIBERIA-COCOA-20251125,cocoa_chocolate
TGT-121,SIG-IN-GL-002-20260918,AU+NZ,entity,Unilever PLC — publication-time attribution,P0013,entity_descendants,,,,,,Corporate cocoa/chocolate target named in the source. Resolve the governed entity and current/relevant lineage as authorised; then apply the cocoa_chocolate guard. The guard narrows the base entity scope and never broadens it.,entity_context,strong,reviewed,resolved,GW-LIBERIA-COCOA-20251125,cocoa_chocolate
TGT-122,SIG-IN-GL-002-20260918,AU+NZ,brand,Magnum — publication-time bridge,B0105,brand_descendants,,,,,,Explicit publication-time Magnum bridge. Resolve B0105 through Chaining and apply the cocoa_chocolate guard. Do not propagate the historical finding to unrelated current TMICC brands.,brand_context,strong,reviewed,resolved,GW-LIBERIA-COCOA-20251125,cocoa_chocolate
TGT-123,SIG-IN-NZ-004-20260918,AU+NZ,product,Anchor Butter,TGT-123,exact_only,B0139,P0020,butter,,,"Bounded Anchor butter product line. A verified GTIN match may establish relevance directly; otherwise Chaining must resolve Anchor and the reviewed product-name term must match. Do not propagate to liquid milk, milk powder or unrelated Anchor products.",exact_product,strong,reviewed,resolved,NZH-ANCHOR-GRASSFED-20260331,
TGT-124,SIG-IN-NZ-005-20260918,AU+NZ,entity,Talley's Group,P0158,entity_descendants,,,,,,Company-level Talley's context across governed AU/NZ descendants. Resolve P0158 through Chaining. Source geography and allegation scope remain consumer qualification and do not narrow the delivery market by default.,entity_context,strong,reviewed,resolved,NZH-TALLEYS-JUDGMENT-20251217,
TGT-134,SIG-IN-GL-003,AU+NZ,entity,"Mondelez International, Inc.",P0009,entity_descendants,,,,,,Company-level Mondelez target across AU/NZ through Chaining. No product_scope_guard. Comparator companies mentioned in the source are not targets.,entity_context,strong,reviewed,resolved,GW-MONDELEZ-EUDR-20260908,