entity_id,benchmark_name,snapshot_version,bbfaw_tier,bbfaw_impact_rating,ktc_total_benchmark_score,ktc_rank,reference_url,year,source_lineage
BBFAW-C-0000,BBFAW,bbfaw-2024-v1,2,C,,,https://www.bbfaw.com/media/2192/bbfaw-2024-report.pdf#page=16,2024,bbfaw2024Canonical.companies[0]
BBFAW-C-0001,BBFAW,bbfaw-2024-v1,2,B,,,https://www.bbfaw.com/media/2192/bbfaw-2024-report.pdf#page=16,2024,bbfaw2024Canonical.companies[1]
BBFAW-C-0002,BBFAW,bbfaw-2024-v1,2,B,,,https://www.bbfaw.com/media/2192/bbfaw-2024-report.pdf#page=16,2024,bbfaw2024Canonical.companies[2]
BBFAW-C-0003,BBFAW,bbfaw-2024-v1,2,C,,,https://www.bbfaw.com/media/2192/bbfaw-2024-report.pdf#page=16,2024,bbfaw2024Canonical.companies[3]
BBFAW-C-0004,BBFAW,bbfaw-2024-v1,3,D,,,https://www.bbfaw.com/media/2192/bbfaw-2024-report.pdf#page=16,2024,bbfaw2024Canonical.companies[4]
BBFAW-C-0005,BBFAW,bbfaw-2024-v1,3,D,,,https://www.bbfaw.com/media/2192/bbfaw-2024-report.pdf#page=16,2024,bbfaw2024Canonical.companies[5]
BBFAW-C-0006,BBFAW,bbfaw-2024-v1,3,D,,,https://www.bbfaw.com/media/2192/bbfaw-2024-report.pdf#page=16,2024,bbfaw2024Canonical.companies[6]
BBFAW-C-0007,BBFAW,bbfaw-2024-v1,3,B,,,https://www.bbfaw.com/media/2192/bbfaw-2024-report.pdf#page=16,2024,bbfaw2024Canonical.companies[7]
BBFAW-C-0008,BBFAW,bbfaw-2024-v1,3,C,,,https://www.bbfaw.com/media/2192/bbfaw-2024-report.pdf#page=16,2024,bbfaw2024Canonical.companies[8]
BBFAW-C-0009,BBFAW,bbfaw-2024-v1,3,C,,,https://www.bbfaw.com/media/2192/bbfaw-2024-report.pdf#page=16,2024,bbfaw2024Canonical.companies[9]
BBFAW-C-0010,BBFAW,bbfaw-2024-v1,3,D,,,https://www.bbfaw.com/media/2192/bbfaw-2024-report.pdf#page=16,2024,bbfaw2024Canonical.companies[10]
BBFAW-C-0011,BBFAW,bbfaw-2024-v1,3,D,,,https://www.bbfaw.com/media/2192/bbfaw-2024-report.pdf#page=16,2024,bbfaw2024Canonical.companies[11]
BBFAW-C-0012,BBFAW,bbfaw-2024-v1,4,E,,,https://www.bbfaw.com/media/2192/bbfaw-2024-report.pdf#page=16,2024,bbfaw2024Canonical.companies[12]
BBFAW-C-0013,BBFAW,bbfaw-2024-v1,4,E,,,https://www.bbfaw.com/media/2192/bbfaw-2024-report.pdf#page=16,2024,bbfaw2024Canonical.companies[13]
BBFAW-C-0014,BBFAW,bbfaw-2024-v1,4,E,,,https://www.bbfaw.com/media/2192/bbfaw-2024-report.pdf#page=16,2024,bbfaw2024Canonical.companies[14]
BBFAW-C-0015,BBFAW,bbfaw-2024-v1,4,F,,,https://www.bbfaw.com/media/2192/bbfaw-2024-report.pdf#page=16,2024,bbfaw2024Canonical.companies[15]
BBFAW-C-0016,BBFAW,bbfaw-2024-v1,4,E,,,https://www.bbfaw.com/media/2192/bbfaw-2024-report.pdf#page=16,2024,bbfaw2024Canonical.companies[16]
BBFAW-C-0017,BBFAW,bbfaw-2024-v1,4,E,,,https://www.bbfaw.com/media/2192/bbfaw-2024-report.pdf#page=16,2024,bbfaw2024Canonical.companies[17]
BBFAW-C-0018,BBFAW,bbfaw-2024-v1,4,E,,,https://www.bbfaw.com/media/2192/bbfaw-2024-report.pdf#page=16,2024,bbfaw2024Canonical.companies[18]
BBFAW-C-0019,BBFAW,bbfaw-2024-v1,4,D,,,https://www.bbfaw.com/media/2192/bbfaw-2024-report.pdf#page=16,2024,bbfaw2024Canonical.companies[19]
BBFAW-C-0020,BBFAW,bbfaw-2024-v1,4,F,,,https://www.bbfaw.com/media/2192/bbfaw-2024-report.pdf#page=16,2024,bbfaw2024Canonical.companies[20]
BBFAW-C-0021,BBFAW,bbfaw-2024-v1,4,F,,,https://www.bbfaw.com/media/2192/bbfaw-2024-report.pdf#page=16,2024,bbfaw2024Canonical.companies[21]
BBFAW-C-0022,BBFAW,bbfaw-2024-v1,4,E,,,https://www.bbfaw.com/media/2192/bbfaw-2024-report.pdf#page=16,2024,bbfaw2024Canonical.companies[22]
BBFAW-C-0023,BBFAW,bbfaw-2024-v1,4,D,,,https://www.bbfaw.com/media/2192/bbfaw-2024-report.pdf#page=16,2024,bbfaw2024Canonical.companies[23]
BBFAW-C-0024,BBFAW,bbfaw-2024-v1,4,F,,,https://www.bbfaw.com/media/2192/bbfaw-2024-report.pdf#page=16,2024,bbfaw2024Canonical.companies[24]
BBFAW-C-0025,BBFAW,bbfaw-2024-v1,4,E,,,https://www.bbfaw.com/media/2192/bbfaw-2024-report.pdf#page=16,2024,bbfaw2024Canonical.companies[25]
BBFAW-C-0026,BBFAW,bbfaw-2024-v1,4,E,,,https://www.bbfaw.com/media/2192/bbfaw-2024-report.pdf#page=16,2024,bbfaw2024Canonical.companies[26]
BBFAW-C-0027,BBFAW,bbfaw-2024-v1,4,F,,,https://www.bbfaw.com/media/2192/bbfaw-2024-report.pdf#page=16,2024,bbfaw2024Canonical.companies[27]
BBFAW-C-0028,BBFAW,bbfaw-2024-v1,4,E,,,https://www.bbfaw.com/media/2192/bbfaw-2024-report.pdf#page=16,2024,bbfaw2024Canonical.companies[28]
BBFAW-C-0029,BBFAW,bbfaw-2024-v1,4,E,,,https://www.bbfaw.com/media/2192/bbfaw-2024-report.pdf#page=16,2024,bbfaw2024Canonical.companies[29]
BBFAW-C-0030,BBFAW,bbfaw-2024-v1,4,F,,,https://www.bbfaw.com/media/2192/bbfaw-2024-report.pdf#page=16,2024,bbfaw2024Canonical.companies[30]
BBFAW-C-0031,BBFAW,bbfaw-2024-v1,4,F,,,https://www.bbfaw.com/media/2192/bbfaw-2024-report.pdf#page=16,2024,bbfaw2024Canonical.companies[31]
BBFAW-C-0032,BBFAW,bbfaw-2024-v1,4,F,,,https://www.bbfaw.com/media/2192/bbfaw-2024-report.pdf#page=16,2024,bbfaw2024Canonical.companies[32]
BBFAW-C-0033,BBFAW,bbfaw-2024-v1,6,F,,,https://www.bbfaw.com/media/2192/bbfaw-2024-report.pdf#page=16,2024,bbfaw2024Canonical.companies[33]
BBFAW-C-0034,BBFAW,bbfaw-2024-v1,6,F,,,https://www.bbfaw.com/media/2192/bbfaw-2024-report.pdf#page=16,2024,bbfaw2024Canonical.companies[34]
BBFAW-C-0035,BBFAW,bbfaw-2024-v1,6,F,,,https://www.bbfaw.com/media/2192/bbfaw-2024-report.pdf#page=16,2024,bbfaw2024Canonical.companies[35]
BBFAW-C-0036,BBFAW,bbfaw-2024-v1,5,F,,,https://www.bbfaw.com/media/2192/bbfaw-2024-report.pdf#page=16,2024,bbfaw2024Canonical.companies[36]
BBFAW-C-0037,BBFAW,bbfaw-2024-v1,5,F,,,https://www.bbfaw.com/media/2192/bbfaw-2024-report.pdf#page=16,2024,bbfaw2024Canonical.companies[37]
BBFAW-C-0038,BBFAW,bbfaw-2024-v1,6,F,,,https://www.bbfaw.com/media/2192/bbfaw-2024-report.pdf#page=16,2024,bbfaw2024Canonical.companies[38]
BBFAW-C-0039,BBFAW,bbfaw-2024-v1,6,F,,,https://www.bbfaw.com/media/2192/bbfaw-2024-report.pdf#page=16,2024,bbfaw2024Canonical.companies[39]
BBFAW-C-0040,BBFAW,bbfaw-2024-v1,6,F,,,https://www.bbfaw.com/media/2192/bbfaw-2024-report.pdf#page=16,2024,bbfaw2024Canonical.companies[40]
BBFAW-C-0041,BBFAW,bbfaw-2024-v1,6,F,,,https://www.bbfaw.com/media/2192/bbfaw-2024-report.pdf#page=16,2024,bbfaw2024Canonical.companies[41]
BBFAW-C-0042,BBFAW,bbfaw-2024-v1,5,F,,,https://www.bbfaw.com/media/2192/bbfaw-2024-report.pdf#page=16,2024,bbfaw2024Canonical.companies[42]
BBFAW-C-0043,BBFAW,bbfaw-2024-v1,6,F,,,https://www.bbfaw.com/media/2192/bbfaw-2024-report.pdf#page=16,2024,bbfaw2024Canonical.companies[43]
BBFAW-C-0044,BBFAW,bbfaw-2024-v1,5,F,,,https://www.bbfaw.com/media/2192/bbfaw-2024-report.pdf#page=16,2024,bbfaw2024Canonical.companies[44]
BBFAW-C-0045,BBFAW,bbfaw-2024-v1,6,F,,,https://www.bbfaw.com/media/2192/bbfaw-2024-report.pdf#page=16,2024,bbfaw2024Canonical.companies[45]
BBFAW-C-0046,BBFAW,bbfaw-2024-v1,6,F,,,https://www.bbfaw.com/media/2192/bbfaw-2024-report.pdf#page=16,2024,bbfaw2024Canonical.companies[46]
BBFAW-C-0047,BBFAW,bbfaw-2024-v1,5,F,,,https://www.bbfaw.com/media/2192/bbfaw-2024-report.pdf#page=16,2024,bbfaw2024Canonical.companies[47]
BBFAW-C-0048,BBFAW,bbfaw-2024-v1,5,F,,,https://www.bbfaw.com/media/2192/bbfaw-2024-report.pdf#page=16,2024,bbfaw2024Canonical.companies[48]
BBFAW-C-0049,BBFAW,bbfaw-2024-v1,6,F,,,https://www.bbfaw.com/media/2192/bbfaw-2024-report.pdf#page=16,2024,bbfaw2024Canonical.companies[49]
BBFAW-C-0050,BBFAW,bbfaw-2024-v1,6,F,,,https://www.bbfaw.com/media/2192/bbfaw-2024-report.pdf#page=16,2024,bbfaw2024Canonical.companies[50]
BBFAW-C-0051,BBFAW,bbfaw-2024-v1,5,E,,,https://www.bbfaw.com/media/2192/bbfaw-2024-report.pdf#page=16,2024,bbfaw2024Canonical.companies[51]
BBFAW-C-0052,BBFAW,bbfaw-2024-v1,6,F,,,https://www.bbfaw.com/media/2192/bbfaw-2024-report.pdf#page=16,2024,bbfaw2024Canonical.companies[52]
BBFAW-C-0053,BBFAW,bbfaw-2024-v1,6,F,,,https://www.bbfaw.com/media/2192/bbfaw-2024-report.pdf#page=16,2024,bbfaw2024Canonical.companies[53]
BBFAW-C-0054,BBFAW,bbfaw-2024-v1,6,F,,,https://www.bbfaw.com/media/2192/bbfaw-2024-report.pdf#page=16,2024,bbfaw2024Canonical.companies[54]
BBFAW-C-0055,BBFAW,bbfaw-2024-v1,6,F,,,https://www.bbfaw.com/media/2192/bbfaw-2024-report.pdf#page=16,2024,bbfaw2024Canonical.companies[55]
BBFAW-C-0056,BBFAW,bbfaw-2024-v1,5,F,,,https://www.bbfaw.com/media/2192/bbfaw-2024-report.pdf#page=16,2024,bbfaw2024Canonical.companies[56]
BBFAW-C-0057,BBFAW,bbfaw-2024-v1,6,F,,,https://www.bbfaw.com/media/2192/bbfaw-2024-report.pdf#page=16,2024,bbfaw2024Canonical.companies[57]
BBFAW-C-0058,BBFAW,bbfaw-2024-v1,5,F,,,https://www.bbfaw.com/media/2192/bbfaw-2024-report.pdf#page=16,2024,bbfaw2024Canonical.companies[58]
BBFAW-C-0059,BBFAW,bbfaw-2024-v1,6,F,,,https://www.bbfaw.com/media/2192/bbfaw-2024-report.pdf#page=16,2024,bbfaw2024Canonical.companies[59]
BBFAW-C-0060,BBFAW,bbfaw-2024-v1,6,F,,,https://www.bbfaw.com/media/2192/bbfaw-2024-report.pdf#page=16,2024,bbfaw2024Canonical.companies[60]
BBFAW-C-0061,BBFAW,bbfaw-2024-v1,5,F,,,https://www.bbfaw.com/media/2192/bbfaw-2024-report.pdf#page=16,2024,bbfaw2024Canonical.companies[61]
BBFAW-C-0062,BBFAW,bbfaw-2024-v1,5,F,,,https://www.bbfaw.com/media/2192/bbfaw-2024-report.pdf#page=16,2024,bbfaw2024Canonical.companies[62]
BBFAW-C-0063,BBFAW,bbfaw-2024-v1,6,F,,,https://www.bbfaw.com/media/2192/bbfaw-2024-report.pdf#page=16,2024,bbfaw2024Canonical.companies[63]
BBFAW-C-0064,BBFAW,bbfaw-2024-v1,6,F,,,https://www.bbfaw.com/media/2192/bbfaw-2024-report.pdf#page=16,2024,bbfaw2024Canonical.companies[64]
BBFAW-C-0065,BBFAW,bbfaw-2024-v1,5,F,,,https://www.bbfaw.com/media/2192/bbfaw-2024-report.pdf#page=16,2024,bbfaw2024Canonical.companies[65]
BBFAW-C-0066,BBFAW,bbfaw-2024-v1,5,F,,,https://www.bbfaw.com/media/2192/bbfaw-2024-report.pdf#page=16,2024,bbfaw2024Canonical.companies[66]
BBFAW-C-0067,BBFAW,bbfaw-2024-v1,5,F,,,https://www.bbfaw.com/media/2192/bbfaw-2024-report.pdf#page=16,2024,bbfaw2024Canonical.companies[67]
BBFAW-C-0068,BBFAW,bbfaw-2024-v1,6,F,,,https://www.bbfaw.com/media/2192/bbfaw-2024-report.pdf#page=16,2024,bbfaw2024Canonical.companies[68]
BBFAW-C-0069,BBFAW,bbfaw-2024-v1,5,F,,,https://www.bbfaw.com/media/2192/bbfaw-2024-report.pdf#page=16,2024,bbfaw2024Canonical.companies[69]
BBFAW-C-0070,BBFAW,bbfaw-2024-v1,5,F,,,https://www.bbfaw.com/media/2192/bbfaw-2024-report.pdf#page=16,2024,bbfaw2024Canonical.companies[70]
BBFAW-C-0071,BBFAW,bbfaw-2024-v1,5,E,,,https://www.bbfaw.com/media/2192/bbfaw-2024-report.pdf#page=16,2024,bbfaw2024Canonical.companies[71]
BBFAW-C-0072,BBFAW,bbfaw-2024-v1,5,F,,,https://www.bbfaw.com/media/2192/bbfaw-2024-report.pdf#page=16,2024,bbfaw2024Canonical.companies[72]
BBFAW-C-0073,BBFAW,bbfaw-2024-v1,5,F,,,https://www.bbfaw.com/media/2192/bbfaw-2024-report.pdf#page=16,2024,bbfaw2024Canonical.companies[73]
BBFAW-C-0074,BBFAW,bbfaw-2024-v1,5,F,,,https://www.bbfaw.com/media/2192/bbfaw-2024-report.pdf#page=16,2024,bbfaw2024Canonical.companies[74]
BBFAW-C-0075,BBFAW,bbfaw-2024-v1,5,F,,,https://www.bbfaw.com/media/2192/bbfaw-2024-report.pdf#page=16,2024,bbfaw2024Canonical.companies[75]
BBFAW-C-0076,BBFAW,bbfaw-2024-v1,5,F,,,https://www.bbfaw.com/media/2192/bbfaw-2024-report.pdf#page=16,2024,bbfaw2024Canonical.companies[76]
BBFAW-C-0077,BBFAW,bbfaw-2024-v1,5,F,,,https://www.bbfaw.com/media/2192/bbfaw-2024-report.pdf#page=16,2024,bbfaw2024Canonical.companies[77]
BBFAW-C-0078,BBFAW,bbfaw-2024-v1,5,F,,,https://www.bbfaw.com/media/2192/bbfaw-2024-report.pdf#page=16,2024,bbfaw2024Canonical.companies[78]
BBFAW-C-0079,BBFAW,bbfaw-2024-v1,6,F,,,https://www.bbfaw.com/media/2192/bbfaw-2024-report.pdf#page=16,2024,bbfaw2024Canonical.companies[79]
BBFAW-C-0080,BBFAW,bbfaw-2024-v1,6,F,,,https://www.bbfaw.com/media/2192/bbfaw-2024-report.pdf#page=16,2024,bbfaw2024Canonical.companies[80]
BBFAW-C-0081,BBFAW,bbfaw-2024-v1,6,F,,,https://www.bbfaw.com/media/2192/bbfaw-2024-report.pdf#page=16,2024,bbfaw2024Canonical.companies[81]
BBFAW-C-0082,BBFAW,bbfaw-2024-v1,6,F,,,https://www.bbfaw.com/media/2192/bbfaw-2024-report.pdf#page=16,2024,bbfaw2024Canonical.companies[82]
BBFAW-C-0083,BBFAW,bbfaw-2024-v1,5,F,,,https://www.bbfaw.com/media/2192/bbfaw-2024-report.pdf#page=16,2024,bbfaw2024Canonical.companies[83]
BBFAW-C-0084,BBFAW,bbfaw-2024-v1,5,F,,,https://www.bbfaw.com/media/2192/bbfaw-2024-report.pdf#page=16,2024,bbfaw2024Canonical.companies[84]
BBFAW-C-0085,BBFAW,bbfaw-2024-v1,5,F,,,https://www.bbfaw.com/media/2192/bbfaw-2024-report.pdf#page=16,2024,bbfaw2024Canonical.companies[85]
BBFAW-C-0086,BBFAW,bbfaw-2024-v1,5,F,,,https://www.bbfaw.com/media/2192/bbfaw-2024-report.pdf#page=16,2024,bbfaw2024Canonical.companies[86]
BBFAW-C-0087,BBFAW,bbfaw-2024-v1,5,F,,,https://www.bbfaw.com/media/2192/bbfaw-2024-report.pdf#page=16,2024,bbfaw2024Canonical.companies[87]
BBFAW-C-0088,BBFAW,bbfaw-2024-v1,5,F,,,https://www.bbfaw.com/media/2192/bbfaw-2024-report.pdf#page=16,2024,bbfaw2024Canonical.companies[88]
BBFAW-C-0089,BBFAW,bbfaw-2024-v1,6,F,,,https://www.bbfaw.com/media/2192/bbfaw-2024-report.pdf#page=16,2024,bbfaw2024Canonical.companies[89]
BBFAW-C-0090,BBFAW,bbfaw-2024-v1,5,F,,,https://www.bbfaw.com/media/2192/bbfaw-2024-report.pdf#page=16,2024,bbfaw2024Canonical.companies[90]
BBFAW-C-0091,BBFAW,bbfaw-2024-v1,6,F,,,https://www.bbfaw.com/media/2192/bbfaw-2024-report.pdf#page=16,2024,bbfaw2024Canonical.companies[91]
BBFAW-C-0092,BBFAW,bbfaw-2024-v1,6,F,,,https://www.bbfaw.com/media/2192/bbfaw-2024-report.pdf#page=16,2024,bbfaw2024Canonical.companies[92]
BBFAW-C-0093,BBFAW,bbfaw-2024-v1,6,F,,,https://www.bbfaw.com/media/2192/bbfaw-2024-report.pdf#page=16,2024,bbfaw2024Canonical.companies[93]
BBFAW-C-0094,BBFAW,bbfaw-2024-v1,6,F,,,https://www.bbfaw.com/media/2192/bbfaw-2024-report.pdf#page=16,2024,bbfaw2024Canonical.companies[94]
BBFAW-C-0095,BBFAW,bbfaw-2024-v1,6,F,,,https://www.bbfaw.com/media/2192/bbfaw-2024-report.pdf#page=16,2024,bbfaw2024Canonical.companies[95]
BBFAW-C-0096,BBFAW,bbfaw-2024-v1,5,F,,,https://www.bbfaw.com/media/2192/bbfaw-2024-report.pdf#page=16,2024,bbfaw2024Canonical.companies[96]
BBFAW-C-0097,BBFAW,bbfaw-2024-v1,5,F,,,https://www.bbfaw.com/media/2192/bbfaw-2024-report.pdf#page=16,2024,bbfaw2024Canonical.companies[97]
BBFAW-C-0098,BBFAW,bbfaw-2024-v1,5,F,,,https://www.bbfaw.com/media/2192/bbfaw-2024-report.pdf#page=16,2024,bbfaw2024Canonical.companies[98]
BBFAW-C-0099,BBFAW,bbfaw-2024-v1,6,F,,,https://www.bbfaw.com/media/2192/bbfaw-2024-report.pdf#page=16,2024,bbfaw2024Canonical.companies[99]
BBFAW-C-0100,BBFAW,bbfaw-2024-v1,6,F,,,https://www.bbfaw.com/media/2192/bbfaw-2024-report.pdf#page=16,2024,bbfaw2024Canonical.companies[100]
BBFAW-C-0101,BBFAW,bbfaw-2024-v1,6,F,,,https://www.bbfaw.com/media/2192/bbfaw-2024-report.pdf#page=16,2024,bbfaw2024Canonical.companies[101]
BBFAW-C-0102,BBFAW,bbfaw-2024-v1,6,F,,,https://www.bbfaw.com/media/2192/bbfaw-2024-report.pdf#page=16,2024,bbfaw2024Canonical.companies[102]
BBFAW-C-0103,BBFAW,bbfaw-2024-v1,6,F,,,https://www.bbfaw.com/media/2192/bbfaw-2024-report.pdf#page=16,2024,bbfaw2024Canonical.companies[103]
BBFAW-C-0104,BBFAW,bbfaw-2024-v1,6,F,,,https://www.bbfaw.com/media/2192/bbfaw-2024-report.pdf#page=16,2024,bbfaw2024Canonical.companies[104]
BBFAW-C-0105,BBFAW,bbfaw-2024-v1,6,F,,,https://www.bbfaw.com/media/2192/bbfaw-2024-report.pdf#page=16,2024,bbfaw2024Canonical.companies[105]
BBFAW-C-0106,BBFAW,bbfaw-2024-v1,6,F,,,https://www.bbfaw.com/media/2192/bbfaw-2024-report.pdf#page=16,2024,bbfaw2024Canonical.companies[106]
BBFAW-C-0107,BBFAW,bbfaw-2024-v1,6,F,,,https://www.bbfaw.com/media/2192/bbfaw-2024-report.pdf#page=16,2024,bbfaw2024Canonical.companies[107]
BBFAW-C-0108,BBFAW,bbfaw-2024-v1,6,F,,,https://www.bbfaw.com/media/2192/bbfaw-2024-report.pdf#page=16,2024,bbfaw2024Canonical.companies[108]
BBFAW-C-0109,BBFAW,bbfaw-2024-v1,6,F,,,https://www.bbfaw.com/media/2192/bbfaw-2024-report.pdf#page=16,2024,bbfaw2024Canonical.companies[109]
BBFAW-C-0110,BBFAW,bbfaw-2024-v1,6,F,,,https://www.bbfaw.com/media/2192/bbfaw-2024-report.pdf#page=16,2024,bbfaw2024Canonical.companies[110]
BBFAW-C-0111,BBFAW,bbfaw-2024-v1,6,F,,,https://www.bbfaw.com/media/2192/bbfaw-2024-report.pdf#page=16,2024,bbfaw2024Canonical.companies[111]
BBFAW-C-0112,BBFAW,bbfaw-2024-v1,6,F,,,https://www.bbfaw.com/media/2192/bbfaw-2024-report.pdf#page=16,2024,bbfaw2024Canonical.companies[112]
BBFAW-C-0113,BBFAW,bbfaw-2024-v1,6,F,,,https://www.bbfaw.com/media/2192/bbfaw-2024-report.pdf#page=16,2024,bbfaw2024Canonical.companies[113]
BBFAW-C-0114,BBFAW,bbfaw-2024-v1,6,F,,,https://www.bbfaw.com/media/2192/bbfaw-2024-report.pdf#page=16,2024,bbfaw2024Canonical.companies[114]
BBFAW-C-0115,BBFAW,bbfaw-2024-v1,6,F,,,https://www.bbfaw.com/media/2192/bbfaw-2024-report.pdf#page=16,2024,bbfaw2024Canonical.companies[115]
BBFAW-C-0116,BBFAW,bbfaw-2024-v1,6,F,,,https://www.bbfaw.com/media/2192/bbfaw-2024-report.pdf#page=16,2024,bbfaw2024Canonical.companies[116]
BBFAW-C-0117,BBFAW,bbfaw-2024-v1,6,F,,,https://www.bbfaw.com/media/2192/bbfaw-2024-report.pdf#page=16,2024,bbfaw2024Canonical.companies[117]
BBFAW-C-0118,BBFAW,bbfaw-2024-v1,5,F,,,https://www.bbfaw.com/media/2192/bbfaw-2024-report.pdf#page=16,2024,bbfaw2024Canonical.companies[118]
BBFAW-C-0119,BBFAW,bbfaw-2024-v1,6,F,,,https://www.bbfaw.com/media/2192/bbfaw-2024-report.pdf#page=16,2024,bbfaw2024Canonical.companies[119]
BBFAW-C-0120,BBFAW,bbfaw-2024-v1,6,F,,,https://www.bbfaw.com/media/2192/bbfaw-2024-report.pdf#page=16,2024,bbfaw2024Canonical.companies[120]
BBFAW-C-0121,BBFAW,bbfaw-2024-v1,6,F,,,https://www.bbfaw.com/media/2192/bbfaw-2024-report.pdf#page=16,2024,bbfaw2024Canonical.companies[121]
BBFAW-C-0122,BBFAW,bbfaw-2024-v1,6,F,,,https://www.bbfaw.com/media/2192/bbfaw-2024-report.pdf#page=16,2024,bbfaw2024Canonical.companies[122]
BBFAW-C-0123,BBFAW,bbfaw-2024-v1,6,F,,,https://www.bbfaw.com/media/2192/bbfaw-2024-report.pdf#page=16,2024,bbfaw2024Canonical.companies[123]
BBFAW-C-0124,BBFAW,bbfaw-2024-v1,5,F,,,https://www.bbfaw.com/media/2192/bbfaw-2024-report.pdf#page=16,2024,bbfaw2024Canonical.companies[124]
BBFAW-C-0125,BBFAW,bbfaw-2024-v1,5,F,,,https://www.bbfaw.com/media/2192/bbfaw-2024-report.pdf#page=16,2024,bbfaw2024Canonical.companies[125]
BBFAW-C-0126,BBFAW,bbfaw-2024-v1,6,F,,,https://www.bbfaw.com/media/2192/bbfaw-2024-report.pdf#page=16,2024,bbfaw2024Canonical.companies[126]
BBFAW-C-0127,BBFAW,bbfaw-2024-v1,6,F,,,https://www.bbfaw.com/media/2192/bbfaw-2024-report.pdf#page=16,2024,bbfaw2024Canonical.companies[127]
BBFAW-C-0128,BBFAW,bbfaw-2024-v1,6,F,,,https://www.bbfaw.com/media/2192/bbfaw-2024-report.pdf#page=16,2024,bbfaw2024Canonical.companies[128]
BBFAW-C-0129,BBFAW,bbfaw-2024-v1,6,F,,,https://www.bbfaw.com/media/2192/bbfaw-2024-report.pdf#page=16,2024,bbfaw2024Canonical.companies[129]
BBFAW-C-0130,BBFAW,bbfaw-2024-v1,6,F,,,https://www.bbfaw.com/media/2192/bbfaw-2024-report.pdf#page=16,2024,bbfaw2024Canonical.companies[130]
BBFAW-C-0131,BBFAW,bbfaw-2024-v1,6,F,,,https://www.bbfaw.com/media/2192/bbfaw-2024-report.pdf#page=16,2024,bbfaw2024Canonical.companies[131]
BBFAW-C-0132,BBFAW,bbfaw-2024-v1,6,F,,,https://www.bbfaw.com/media/2192/bbfaw-2024-report.pdf#page=16,2024,bbfaw2024Canonical.companies[132]
BBFAW-C-0133,BBFAW,bbfaw-2024-v1,6,F,,,https://www.bbfaw.com/media/2192/bbfaw-2024-report.pdf#page=16,2024,bbfaw2024Canonical.companies[133]
BBFAW-C-0134,BBFAW,bbfaw-2024-v1,6,F,,,https://www.bbfaw.com/media/2192/bbfaw-2024-report.pdf#page=16,2024,bbfaw2024Canonical.companies[134]
BBFAW-C-0135,BBFAW,bbfaw-2024-v1,6,F,,,https://www.bbfaw.com/media/2192/bbfaw-2024-report.pdf#page=16,2024,bbfaw2024Canonical.companies[135]
BBFAW-C-0136,BBFAW,bbfaw-2024-v1,5,F,,,https://www.bbfaw.com/media/2192/bbfaw-2024-report.pdf#page=16,2024,bbfaw2024Canonical.companies[136]
BBFAW-C-0137,BBFAW,bbfaw-2024-v1,5,F,,,https://www.bbfaw.com/media/2192/bbfaw-2024-report.pdf#page=16,2024,bbfaw2024Canonical.companies[137]
BBFAW-C-0138,BBFAW,bbfaw-2024-v1,5,F,,,https://www.bbfaw.com/media/2192/bbfaw-2024-report.pdf#page=16,2024,bbfaw2024Canonical.companies[138]
BBFAW-C-0139,BBFAW,bbfaw-2024-v1,6,F,,,https://www.bbfaw.com/media/2192/bbfaw-2024-report.pdf#page=16,2024,bbfaw2024Canonical.companies[139]
BBFAW-C-0140,BBFAW,bbfaw-2024-v1,6,F,,,https://www.bbfaw.com/media/2192/bbfaw-2024-report.pdf#page=16,2024,bbfaw2024Canonical.companies[140]
BBFAW-C-0141,BBFAW,bbfaw-2024-v1,5,F,,,https://www.bbfaw.com/media/2192/bbfaw-2024-report.pdf#page=16,2024,bbfaw2024Canonical.companies[141]
BBFAW-C-0142,BBFAW,bbfaw-2024-v1,5,F,,,https://www.bbfaw.com/media/2192/bbfaw-2024-report.pdf#page=16,2024,bbfaw2024Canonical.companies[142]
BBFAW-C-0143,BBFAW,bbfaw-2024-v1,6,F,,,https://www.bbfaw.com/media/2192/bbfaw-2024-report.pdf#page=16,2024,bbfaw2024Canonical.companies[143]
BBFAW-C-0144,BBFAW,bbfaw-2024-v1,6,F,,,https://www.bbfaw.com/media/2192/bbfaw-2024-report.pdf#page=16,2024,bbfaw2024Canonical.companies[144]
BBFAW-C-0145,BBFAW,bbfaw-2024-v1,6,F,,,https://www.bbfaw.com/media/2192/bbfaw-2024-report.pdf#page=16,2024,bbfaw2024Canonical.companies[145]
BBFAW-C-0146,BBFAW,bbfaw-2024-v1,6,F,,,https://www.bbfaw.com/media/2192/bbfaw-2024-report.pdf#page=16,2024,bbfaw2024Canonical.companies[146]
BBFAW-C-0147,BBFAW,bbfaw-2024-v1,6,F,,,https://www.bbfaw.com/media/2192/bbfaw-2024-report.pdf#page=16,2024,bbfaw2024Canonical.companies[147]
BBFAW-C-0148,BBFAW,bbfaw-2024-v1,6,F,,,https://www.bbfaw.com/media/2192/bbfaw-2024-report.pdf#page=16,2024,bbfaw2024Canonical.companies[148]
BBFAW-C-0149,BBFAW,bbfaw-2024-v1,5,F,,,https://www.bbfaw.com/media/2192/bbfaw-2024-report.pdf#page=16,2024,bbfaw2024Canonical.companies[149]
BBFAW-C-0150,BBFAW,bbfaw-2024-v1,6,F,,,https://www.bbfaw.com/media/2192/bbfaw-2024-report.pdf#page=16,2024,bbfaw2024Canonical.companies[150]
BBFAW-C-0151,BBFAW,bbfaw-2024-v1,5,F,,,https://www.bbfaw.com/media/2192/bbfaw-2024-report.pdf#page=16,2024,bbfaw2024Canonical.companies[151]
BBFAW-C-0152,BBFAW,bbfaw-2024-v1,6,F,,,https://www.bbfaw.com/media/2192/bbfaw-2024-report.pdf#page=16,2024,bbfaw2024Canonical.companies[152]
BBFAW-C-0153,BBFAW,bbfaw-2024-v1,5,F,,,https://www.bbfaw.com/media/2192/bbfaw-2024-report.pdf#page=16,2024,bbfaw2024Canonical.companies[153]
BBFAW-C-0154,BBFAW,bbfaw-2024-v1,5,F,,,https://www.bbfaw.com/media/2192/bbfaw-2024-report.pdf#page=16,2024,bbfaw2024Canonical.companies[154]
BBFAW-C-0155,BBFAW,bbfaw-2024-v1,5,F,,,https://www.bbfaw.com/media/2192/bbfaw-2024-report.pdf#page=16,2024,bbfaw2024Canonical.companies[155]
BBFAW-C-0156,BBFAW,bbfaw-2024-v1,6,F,,,https://www.bbfaw.com/media/2192/bbfaw-2024-report.pdf#page=16,2024,bbfaw2024Canonical.companies[156]
BBFAW-C-0157,BBFAW,bbfaw-2024-v1,6,F,,,https://www.bbfaw.com/media/2192/bbfaw-2024-report.pdf#page=16,2024,bbfaw2024Canonical.companies[157]
BBFAW-C-0158,BBFAW,bbfaw-2024-v1,5,F,,,https://www.bbfaw.com/media/2192/bbfaw-2024-report.pdf#page=16,2024,bbfaw2024Canonical.companies[158]
BBFAW-C-0159,BBFAW,bbfaw-2024-v1,5,F,,,https://www.bbfaw.com/media/2192/bbfaw-2024-report.pdf#page=16,2024,bbfaw2024Canonical.companies[159]
BBFAW-C-0160,BBFAW,bbfaw-2024-v1,6,F,,,https://www.bbfaw.com/media/2192/bbfaw-2024-report.pdf#page=16,2024,bbfaw2024Canonical.companies[160]
BBFAW-C-0161,BBFAW,bbfaw-2024-v1,6,F,,,https://www.bbfaw.com/media/2192/bbfaw-2024-report.pdf#page=16,2024,bbfaw2024Canonical.companies[161]
BBFAW-C-0162,BBFAW,bbfaw-2024-v1,6,F,,,https://www.bbfaw.com/media/2192/bbfaw-2024-report.pdf#page=16,2024,bbfaw2024Canonical.companies[162]
BBFAW-C-0163,BBFAW,bbfaw-2024-v1,6,F,,,https://www.bbfaw.com/media/2192/bbfaw-2024-report.pdf#page=16,2024,bbfaw2024Canonical.companies[163]
BBFAW-C-0164,BBFAW,bbfaw-2024-v1,6,F,,,https://www.bbfaw.com/media/2192/bbfaw-2024-report.pdf#page=16,2024,bbfaw2024Canonical.companies[164]
BBFAW-C-0165,BBFAW,bbfaw-2024-v1,6,F,,,https://www.bbfaw.com/media/2192/bbfaw-2024-report.pdf#page=16,2024,bbfaw2024Canonical.companies[165]
BBFAW-C-0166,BBFAW,bbfaw-2024-v1,6,F,,,https://www.bbfaw.com/media/2192/bbfaw-2024-report.pdf#page=16,2024,bbfaw2024Canonical.companies[166]
BBFAW-C-0167,BBFAW,bbfaw-2024-v1,6,F,,,https://www.bbfaw.com/media/2192/bbfaw-2024-report.pdf#page=16,2024,bbfaw2024Canonical.companies[167]
BBFAW-C-0168,BBFAW,bbfaw-2024-v1,6,F,,,https://www.bbfaw.com/media/2192/bbfaw-2024-report.pdf#page=16,2024,bbfaw2024Canonical.companies[168]
BBFAW-C-0169,BBFAW,bbfaw-2024-v1,6,F,,,https://www.bbfaw.com/media/2192/bbfaw-2024-report.pdf#page=16,2024,bbfaw2024Canonical.companies[169]
BBFAW-C-0170,BBFAW,bbfaw-2024-v1,4,E,,,https://www.bbfaw.com/media/2192/bbfaw-2024-report.pdf#page=16,2024,bbfaw2024Canonical.companies[170]
KTC-C-0000,KTC,ktc-2026-v1,,,12,19,,2025,ktcParents.json[0]
KTC-C-0001,KTC,ktc-2026-v1,,,16,15,,2025,ktcParents.json[1]
KTC-C-0002,KTC,ktc-2026-v1,,,13,18,,2025,ktcParents.json[2]
KTC-C-0003,KTC,ktc-2026-v1,,,11,22,,2025,ktcParents.json[3]
KTC-C-0004,KTC,ktc-2026-v1,,,7,29,,2025,ktcParents.json[4]
KTC-C-0005,KTC,ktc-2026-v1,,,3,36,,2025,ktcParents.json[5]
KTC-C-0006,KTC,ktc-2026-v1,,,15,16,,2025,ktcParents.json[6]
KTC-C-0007,KTC,ktc-2026-v1,,,55,2,,2025,ktcParents.json[7]
KTC-C-0008,KTC,ktc-2026-v1,,,8,27,,2025,ktcParents.json[8]
KTC-C-0009,KTC,ktc-2026-v1,,,28,8,,2025,ktcParents.json[9]
KTC-C-0010,KTC,ktc-2026-v1,,,19,12,,2025,ktcParents.json[10]
KTC-C-0011,KTC,ktc-2026-v1,,,7,29,,2025,ktcParents.json[11]
KTC-C-0012,KTC,ktc-2026-v1,,,0,43,,2025,ktcParents.json[12]
KTC-C-0013,KTC,ktc-2026-v1,,,19,12,,2025,ktcParents.json[13]
KTC-C-0014,KTC,ktc-2026-v1,,,4,34,,2025,ktcParents.json[14]
KTC-C-0015,KTC,ktc-2026-v1,,,9,26,,2025,ktcParents.json[15]
KTC-C-0016,KTC,ktc-2026-v1,,,1,41,,2025,ktcParents.json[16]
KTC-C-0017,KTC,ktc-2026-v1,,,3,36,,2025,ktcParents.json[17]
KTC-C-0018,KTC,ktc-2026-v1,,,1,41,,2025,ktcParents.json[18]
KTC-C-0019,KTC,ktc-2026-v1,,,17,14,,2025,ktcParents.json[19]
KTC-C-0020,KTC,ktc-2026-v1,,,12,19,,2025,ktcParents.json[20]
KTC-C-0021,KTC,ktc-2026-v1,,,6,32,,2025,ktcParents.json[21]
KTC-C-0022,KTC,ktc-2026-v1,,,11,22,,2025,ktcParents.json[22]
KTC-C-0023,KTC,ktc-2026-v1,,,7,29,,2025,ktcParents.json[23]
KTC-C-0024,KTC,ktc-2026-v1,,,30,7,,2025,ktcParents.json[24]
KTC-C-0025,KTC,ktc-2026-v1,,,2,39,,2025,ktcParents.json[25]
KTC-C-0026,KTC,ktc-2026-v1,,,26,9,,2025,ktcParents.json[26]
KTC-C-0027,KTC,ktc-2026-v1,,,3,36,,2025,ktcParents.json[27]
KTC-C-0028,KTC,ktc-2026-v1,,,12,19,,2025,ktcParents.json[28]
KTC-C-0029,KTC,ktc-2026-v1,,,42,4,,2025,ktcParents.json[29]
KTC-C-0030,KTC,ktc-2026-v1,,,41,5,,2025,ktcParents.json[30]
KTC-C-0031,KTC,ktc-2026-v1,,,34,6,,2025,ktcParents.json[31]
KTC-C-0032,KTC,ktc-2026-v1,,,8,27,,2025,ktcParents.json[32]
KTC-C-0033,KTC,ktc-2026-v1,,,10,25,,2025,ktcParents.json[33]
KTC-C-0034,KTC,ktc-2026-v1,,,2,39,,2025,ktcParents.json[34]
KTC-C-0035,KTC,ktc-2026-v1,,,47,3,,2025,ktcParents.json[35]
KTC-C-0036,KTC,ktc-2026-v1,,,0,43,,2025,ktcParents.json[36]
KTC-C-0037,KTC,ktc-2026-v1,,,25,10,,2025,ktcParents.json[37]
KTC-C-0038,KTC,ktc-2026-v1,,,0,43,,2025,ktcParents.json[38]
KTC-C-0039,KTC,ktc-2026-v1,,,21,11,,2025,ktcParents.json[39]
KTC-C-0040,KTC,ktc-2026-v1,,,56,1,,2025,ktcParents.json[40]
KTC-C-0041,KTC,ktc-2026-v1,,,4,34,,2025,ktcParents.json[41]
